/*LLENANDO TABLA DEPARTAMENTOS */;
INSERT INTO `DEPARTAMENTOS` (`ID_DEPARTAMENTO`,`NOMBRE_DEPARTAMENTO`) VALUES
	(1, 'Ahuachapán'),
	(2, 'Santa Ana'),
	(3, 'Sonsonate'),
	(4, 'La Libertad'),
	(5, 'Chalatenango'),
	(6, 'San Salvador'),
	(7, 'Cuscatlán'),
	(8, 'La Paz'),
	(9, 'Cabañas'),
	(10, 'San Vicente'),
	(11, 'Usulután'),
	(12, 'Morazán'),
	(13, 'San Miguel'),
	(14, 'La Unión');

/*LLENANDO TABLA MUNICIPIOS */;
INSERT INTO `MUNICIPIOS` (`ID_MUNICIPIO`, `NOMBRE_MUNICIPIO`, `ID_DEPARTAMENTO`) VALUES
	(1, 'Ahuachapán', 1),
	(2, 'Jujutla', 1),
	(3, 'Atiquizaya', 1),
	(4, 'Concepción de Ataco', 1),
	(5, 'El Refugio', 1),
	(6, 'Guaymango', 1),
	(7, 'Apaneca', 1),
	(8, 'San Francisco Menéndez', 1),
	(9, 'San Lorenzo', 1),
	(10, 'San Pedro Puxtla', 1),
	(11, 'Tacuba', 1),
	(12, 'Turín', 1),
	(13, 'Candelaria de la Frontera', 2),
	(14, 'Chalchuapa', 2),
	(15, 'Coatepeque', 2),
	(16, 'El Congo', 2),
	(17, 'El Porvenir', 2),
	(18, 'Masahuat', 2),
	(19, 'Metapán', 2),
	(20, 'San Antonio Pajonal', 2),
	(21, 'San Sebastián Salitrillo', 2),
	(22, 'Santa Ana', 2),
	(23, 'Santa Rosa Guachipilín', 2),
	(24, 'Santiago de la Frontera', 2),
	(25, 'Texistepeque', 2),
	(26, 'Acajutla', 3),
	(27, 'Armenia', 3),
	(28, 'Caluco', 3),
	(29, 'Cuisnahuat', 3),
	(30, 'Izalco', 3),
	(31, 'Juayúa', 3),
	(32, 'Nahuizalco', 3),
	(33, 'Nahulingo', 3),
	(34, 'Salcoatitán', 3),
	(35, 'San Antonio del Monte', 3),
	(36, 'San Julián', 3),
	(37, 'Santa Catarina Masahuat', 3),
	(38, 'Santa Isabel Ishuatán', 3),
	(39, 'Santo Domingo de Guzmán', 3),
	(40, 'Sonsonate', 3),
	(41, 'Sonzacate', 3),
	(42, 'Alegría', 11),
	(43, 'Berlín', 11),
	(44, 'California', 11),
	(45, 'Concepción Batres', 11),
	(46, 'El Triunfo', 11),
	(47, 'Ereguayquín', 11),
	(48, 'Estanzuelas', 11),
	(49, 'Jiquilisco', 11),
	(50, 'Jucuapa', 11),
	(51, 'Jucuarán', 11),
	(52, 'Mercedes Umaña', 11),
	(53, 'Nueva Granada', 11),
	(54, 'Ozatlán', 11),
	(55, 'Puerto El Triunfo', 11),
	(56, 'San Agustín', 11),
	(57, 'San Buenaventura', 11),
	(58, 'San Dionisio', 11),
	(59, 'San Francisco Javier', 11),
	(60, 'Santa Elena', 11),
	(61, 'Santa María', 11),
	(62, 'Santiago de María', 11),
	(63, 'Tecapán', 11),
	(64, 'Usulután', 11),
	(65, 'Carolina', 13),
	(66, 'Chapeltique', 13),
	(67, 'Chinameca', 13),
	(68, 'Chirilagua', 13),
	(69, 'Ciudad Barrios', 13),
	(70, 'Comacarán', 13),
	(71, 'El Tránsito', 13),
	(72, 'Lolotique', 13),
	(73, 'Moncagua', 13),
	(74, 'Nueva Guadalupe', 13),
	(75, 'Nuevo Edén de San Juan', 13),
	(76, 'Quelepa', 13),
	(77, 'San Antonio del Mosco', 13),
	(78, 'San Gerardo', 13),
	(79, 'San Jorge', 13),
	(80, 'San Luis de la Reina', 13),
	(81, 'San Miguel', 13),
	(82, 'San Rafael Oriente', 13),
	(83, 'Sesori', 13),
	(84, 'Uluazapa', 13),
	(85, 'Arambala', 12),
	(86, 'Cacaopera', 12),
	(87, 'Chilanga', 12),
	(88, 'Corinto', 12),
	(89, 'Delicias de Concepción', 12),
	(90, 'El Divisadero', 12),
	(91, 'El Rosario (Morazán)', 12),
	(92, 'Gualococti', 12),
	(93, 'Guatajiagua', 12),
	(94, 'Joateca', 12),
	(95, 'Jocoaitique', 12),
	(96, 'Jocoro', 12),
	(97, 'Lolotiquillo', 12),
	(98, 'Meanguera', 12),
	(99, 'Osicala', 12),
	(100, 'Perquín', 12),
	(101, 'San Carlos', 12),
	(102, 'San Fernando (Morazán)', 12),
	(103, 'San Francisco Gotera', 12),
	(104, 'San Isidro (Morazán)', 12),
	(105, 'San Simón', 12),
	(106, 'Sensembra', 12),
	(107, 'Sociedad', 12),
	(108, 'Torola', 12),
	(109, 'Yamabal', 12),
	(110, 'Yoloaiquín', 12),
	(111, 'La Unión', 14),
	(112, 'San Alejo', 14),
	(113, 'Yucuaiquín', 14),
	(114, 'Conchagua', 14),
	(115, 'Intipucá', 14),
	(116, 'San José', 14),
	(117, 'El Carmen (La Unión)', 14),
	(118, 'Yayantique', 14),
	(119, 'Bolívar', 14),
	(120, 'Meanguera del Golfo', 14),
	(121, 'Santa Rosa de Lima', 14),
	(122, 'Pasaquina', 14),
	(123, 'Anamoros', 14),
	(124, 'Nueva Esparta', 14),
	(125, 'El Sauce', 14),
	(126, 'Concepción de Oriente', 14),
	(127, 'Polorós', 14),
	(128, 'Lislique', 14),
	(129, 'Antiguo Cuscatlán', 4),
	(130, 'Chiltiupán', 4),
	(131, 'Ciudad Arce', 4),
	(132, 'Colón', 4),
	(133, 'Comasagua', 4),
	(134, 'Huizúcar', 4),
	(135, 'Jayaque', 4),
	(136, 'Jicalapa', 4),
	(137, 'La Libertad', 4),
	(138, 'Santa Tecla', 4),
	(139, 'Nuevo Cuscatlán', 4),
	(140, 'San Juan Opico', 4),
	(141, 'Quezaltepeque', 4),
	(142, 'Sacacoyo', 4),
	(143, 'San José Villanueva', 4),
	(144, 'San Matías', 4),
	(145, 'San Pablo Tacachico', 4),
	(146, 'Talnique', 4),
	(147, 'Tamanique', 4),
	(148, 'Teotepeque', 4),
	(149, 'Tepecoyo', 4),
	(150, 'Zaragoza', 4),
	(151, 'Agua Caliente', 5),
	(152, 'Arcatao', 5),
	(153, 'Azacualpa', 5),
	(154, 'Cancasque', 5),
	(155, 'Chalatenango', 5),
	(156, 'Citalá', 5),
	(157, 'Comapala', 5),
	(158, 'Concepción Quezaltepeque', 5),
	(159, 'Dulce Nombre de María', 5),
	(160, 'El Carrizal', 5),
	(161, 'El Paraíso', 5),
	(162, 'La Laguna', 5),
	(163, 'La Palma', 5),
	(164, 'La Reina', 5),
	(165, 'Las Vueltas', 5),
	(166, 'Nueva Concepción', 5),
	(167, 'Nueva Trinidad', 5),
	(168, 'Nombre de Jesús', 5),
	(169, 'Ojos de Agua', 5),
	(170, 'Potonico', 5),
	(171, 'San Antonio de la Cruz', 5),
	(172, 'San Antonio Los Ranchos', 5),
	(173, 'San Fernando (Chalatenango)', 5),
	(174, 'San Francisco Lempa', 5),
	(175, 'San Francisco Morazán', 5),
	(176, 'San Ignacio', 5),
	(177, 'San Isidro Labrador', 5),
	(178, 'Las Flores', 5),
	(179, 'San Luis del Carmen', 5),
	(180, 'San Miguel de Mercedes', 5),
	(181, 'San Rafael', 5),
	(182, 'Santa Rita', 5),
	(183, 'Tejutla', 5),
	(184, 'Cojutepeque', 7),
	(185, 'Candelaria', 7),
	(186, 'El Carmen (Cuscatlán)', 7),
	(187, 'El Rosario (Cuscatlán)', 7),
	(188, 'Monte San Juan', 7),
	(189, 'Oratorio de Concepción', 7),
	(190, 'San Bartolomé Perulapía', 7),
	(191, 'San Cristóbal', 7),
	(192, 'San José Guayabal', 7),
	(193, 'San Pedro Perulapán', 7),
	(194, 'San Rafael Cedros', 7),
	(195, 'San Ramón', 7),
	(196, 'Santa Cruz Analquito', 7),
	(197, 'Santa Cruz Michapa', 7),
	(198, 'Suchitoto', 7),
	(199, 'Tenancingo', 7),
	(200, 'Aguilares', 6),
	(201, 'Apopa', 6),
	(202, 'Ayutuxtepeque', 6),
	(203, 'Cuscatancingo', 6),
	(204, 'Ciudad Delgado', 6),
	(205, 'El Paisnal', 6),
	(206, 'Guazapa', 6),
	(207, 'Ilopango', 6),
	(208, 'Mejicanos', 6),
	(209, 'Nejapa', 6),
	(210, 'Panchimalco', 6),
	(211, 'Rosario de Mora', 6),
	(212, 'San Marcos', 6),
	(213, 'San Martín', 6),
	(214, 'San Salvador', 6),
	(215, 'Santiago Texacuangos', 6),
	(216, 'Santo Tomás', 6),
	(217, 'Soyapango', 6),
	(218, 'Tonacatepeque', 6),
	(219, 'Zacatecoluca', 8),
	(220, 'Cuyultitán', 8),
	(221, 'El Rosario (La Paz)', 8),
	(222, 'Jerusalén', 8),
	(223, 'Mercedes La Ceiba', 8),
	(224, 'Olocuilta', 8),
	(225, 'Paraíso de Osorio', 8),
	(226, 'San Antonio Masahuat', 8),
	(227, 'San Emigdio', 8),
	(228, 'San Francisco Chinameca', 8),
	(229, 'San Pedro Masahuat', 8),
	(230, 'San Juan Nonualco', 8),
	(231, 'San Juan Talpa', 8),
	(232, 'San Juan Tepezontes', 8),
	(233, 'San Luis La Herradura', 8),
	(234, 'San Luis Talpa', 8),
	(235, 'San Miguel Tepezontes', 8),
	(236, 'San Pedro Nonualco', 8),
	(237, 'San Rafael Obrajuelo', 8),
	(238, 'Santa María Ostuma', 8),
	(239, 'Santiago Nonualco', 8),
	(240, 'Tapalhuaca', 8),
	(241, 'Cinquera', 9),
	(242, 'Dolores', 9),
	(243, 'Guacotecti', 9),
	(244, 'Ilobasco', 9),
	(245, 'Jutiapa', 9),
	(246, 'San Isidro (Cabañas)', 9),
	(247, 'Sensuntepeque', 9),
	(248, 'Tejutepeque', 9),
	(249, 'Victoria', 9),
	(250, 'Apastepeque', 10),
	(251, 'Guadalupe', 10),
	(252, 'San Cayetano Istepeque', 10),
	(253, 'San Esteban Catarina', 10),
	(254, 'San Ildefonso', 10),
	(255, 'San Lorenzo', 10),
	(256, 'San Sebastián', 10),
	(257, 'San Vicente', 10),
	(258, 'Santa Clara', 10),
	(259, 'Santo Domingo', 10),
	(260, 'Tecoluca', 10),
	(261, 'Tepetitán', 10),
	(262, 'Verapaz', 10);


/*LLENANDO TABLA ESTADO_CIVIL */;
INSERT INTO `ESTADOS_CIVIL` (`ID_ESTADO_CIVIL`, `NOMBRE_ESTADO_CIVIL`) VALUES
	(1, 'Soltero/a'),
	(2, 'Casado/a'),
	(3, 'Divorsiado/a'),
	(4, 'Viudo/a'),
	(5, 'Acompañado/a');

/*LLENANDO TABLA GENERO */;
INSERT INTO `GENEROS` (`ID_GENERO`, `DESCRIPCION_GENERO`) VALUES
	(1, 'Femenino'),
	(2, 'Masculino'),
	(3, 'Lesbiana'),
	(4, 'Gay'),
	(5, 'Bisexual');

/*LLENANDO TABLA TIPOS_CONTRATACION */;
INSERT INTO `TIPOS_CONTRATACION` (`ID_TIPO_CONTRATACION`, `NOMBRE_CONTRATACION`) VALUES
	(1, 'Contrato por tiempo indefinido'),
	(2, 'Contrato por periodo determinado'),
	(3, 'Contrato por servicios profesionales'),
	(4, 'Contrato para un periodo de prueba'),
	(5, 'Contrato para interinatos');

/*LLENANDO TABLA ESTADO_EMPLEADOS */;
INSERT INTO `ESTADO_EMPLEADOS` (`ID_ESTADO`, `NOMBRE_ESTADO`, `AFECTA_CALCULO`) VALUES
	(1, 'Activo', 0),
	(2, 'Vacaciones', 1),
	(3, 'Inactivo', 1),
	(4, 'Despedido', 1);


/*LLENANDO TABLA AFPS */
insert  into `AFPS`(`ID_AFP`,`NOMBRE_AFP`,`PORCENTAJE_LABORAL`,`PORCENTAJE_PATRONAL`,`LIMITE_MAXIMO_AFP`) 
values (1,'CONFIA','7.25','6.75','6900.00'),
(2,'CRECER','7.25','6.75','6900.00'),
(3,'IPSFA','6.00','6.00','6900.00'),
(4,'UPISSS','6.00','6.00','6900.00'),
(5,'SIN AFILIACION','10.00','0.00','6900.00');


/*LLENANDO TABLA UNIDADES */
insert  into `UNIDADES`(`ID_UNIDAD`,`NOMBRE_UNIDAD`) 
values (1,'GERENCIA GENERAL'),
(2,'GERENCIA ADMINISTRATIVA'),
(3,'GERENCIA FINANCIERA'),(4,'GERENCIA DE VENTAS'),
(5,'GERENCIA DE SUPERMERCADOS'),
(6,'GERENCIA DE PRODUCCION'),
(7,'GERENCIA DE CALIDAD');

/*LLENANDO TABLA DEPARTAMENTOS_EMPRESA*/
insert  into `DEPARTAMENTOS_EMPRESA`(`ID_DEPARTAMENTO_EMPRESA`,`ID_UNIDAD`,`NOMBRE_DEPARTAMENTO_EMPRESA`,`CODIGO_CENTRO_COSTO`) 
values (1,2,'ADMINISTRACION','001'),
(2,2,'CONTABILIDAD','002'),
(3,5,'TIENDAS ORIENTE','003'),
(4,5,'TIENDA OCCIDENTE','004'),
(5,5,'TIENDAS PARACENTRAL','005'),
(6,5,'TIENDA METROPOLITANA','006'),
(7,4,'IMPULSACION','007'),
(8,6,'PRODUCCION','008'),
(9,7,'CALIDAD','009'),
(10,6,'MANTENIMIENTO','010'),
(11,4,'EXPORTACIONES','011'),
(12,7,'LOGISTICA','012'),
(13,5,'TIENDAS DE CONVENIENCIA','013'),
(14,4,'MERCADEO','014'),
(15,3,'RECURSOS HUMANOS','015'),
(16,1,'GERENCIAS','016'),
(17,3,'TESORERIA','017');


/*LLENANDO TABLA DE AREAS*/
insert  into `AREAS`(`IDAREA`,`ID_DEPARTAMENTO_EMPRESA`,`NOMBRE_AREA`) 
values (1,16,'OPERATIVAS'),
(2,16,'ESTRATEGICAS'),
(3,1,'CONSEJO ADMINISTRACION'),
(4,1,'INFORMATICA'),
(5,2,'CONTABILIDAD GENERAL'),
(6,2,'IMPUESTOS'),
(7,2,'COMPRAS'),
(8,2,'COSTOS'),
(9,2,'INVENTARIOS'),
(10,15,'JEFATURA RRHH'),
(11,15,'RECLUTAMIENTO'),
(12,15,'CALCULOS PLANILLA'),
(13,15,'ATENCION AL EMPLEADO'),
(14,17,'CUENTAS POR PAGAR'),
(15,17,'CUENTAS POR COBRAR'),
(16,17,'BANCOS'),
(17,17,'PROGRAMACION FINANCIERA'),
(18,7,'SUPERVISORES IMPULSACION'),
(19,7,'IMPULSADORES'),
(20,11,'EXPORTACIONES'),
(21,14,'MERCADEO'),
(22,3,'SUPERVISORES TIENDAS ORIENTE'),
(23,3,'VENDEDORES ORIENTE'),
(24,4,'SUPERVISORES OCCIDENTE'),
(25,4,'VENDEDORES OCCIDENTE'),
(26,5,'SUPERVISORES PARACENTRAL'),
(27,5,'VENDEDORES PARACENTRAL'),
(28,6,'SUPERVISORES METROPOLITANA'),
(29,6,'VENDEDORES METROPOLITANA'),
(30,13,'VENDEDORES'),
(31,8,'MATERIAS PRIMAS'),
(32,8,'SEMIELABORADOS'),
(33,8,'TERMINADOS'),
(34,10,'MANTENIMIENTO ADMINISTRATIVO'),
(35,10,'BODEGAS Y TIENDAS'),
(36,9,'CALIDAD'),
(37,12,'LOGISTICA');

/*LLENANDO TABLA SECCIONES*/
insert  into `SECCIONES`(`ID_SECCION`,`IDAREA`,`NOMBRE_SECCION`)
 values (1,1,'OPERATIVA NACIONAL'),
(2,1,'OPERATIVA INTERNACIONAL'),
(3,2,'ESTRATEGICA NACIONAL'),
(4,2,'ESTRATEGICA INTERNACIONAL'),
(5,3,'PRESIDENTES'),
(6,3,'ACCIONISTAS DIETAS'),
(7,4,'DESARROLLO INFORMATICA'),
(8,4,'SOPORTE TECNICO'),
(9,5,'CONTABILIDAD GENERAL'),
(10,6,'IMPUESTOS'),
(11,7,'COMPRAS'),
(12,8,'COSTOS'),
(13,9,'BODEGAS'),
(14,9,'SALAS DE VENTAS'),
(15,10,'JEFATURA RRHH'),
(16,11,'RECLUTAMIENTO'),
(17,12,'CALCULOS PLANILLA'),
(18,13,'ATENCION AL EMPLEADO'),
(19,14,'CUENTAS POR PAGAR'),
(20,15,'CUENTAS POR COBRAR'),
(21,16,'BANCOS GENERAL'),
(22,16,'PROGRAMACION DE PAGOS'),
(23,17,'PROGRAMACION FINANCIERA'),
(24,18,'SUPERVISORES IMPULSACION'),
(25,19,'IMPULSADORES'),
(26,20,'EXPORTACIONES'),
(27,21,'OFERTAS'),
(28,21,'ANALISIS DE RESULTADOS'),
(29,22,'SUPERVISORES TIENDAS ORIENTE'),
(30,23,'VENDEDORES ORIENTE'),
(31,24,'SUPERVISORES OCCIDENTE'),
(32,25,'VENDEDORES OCCIDENTE'),
(33,26,'SUPERVISORES PARACENTRAL'),
(34,27,'VENDEDORES PARACENTRAL'),
(35,28,'SUPERVISORES METROPOLITANA'),
(36,29,'VENDEDORES METROPOLITANA'),
(37,30,'VENDEDORES'),
(38,31,'MATERIAS PRIMAS'),
(39,32,'SEMIELABORADOS'),
(40,33,'TERMINADOS'),
(41,34,'LIMPIEZA GENERAL'),
(42,34,'SERVICIOS GENERALES'),
(43,35,'BODEGAS Y TIENDAS'),
(44,36,'CALIDAD'),
(45,37,'LOGISTICA');

/*LLENANDO TABLA DE SUB_SECCIONES*/
insert  into `SUB_SECCIONES`(`ID_SUB_SECCION`,`ID_SECCION`,`NOMBRE_SUB_SECCION`) 
values (1,1,'OPERATIVA NACIONAL'),(2,2,'OPERATIVA INTERNACIONAL'),
(3,3,'ESTRATEGICA NACIONAL'),(4,4,'ESTRATEGICA INTERNACIONAL'),
(5,5,'PRESIDENTES'),(6,6,'ACCIONISTAS DIETAS'),(7,7,'DESARROLLO WEB'),
(8,7,'DBA'),(9,7,'ANALISTAS SISTEMAS'),(10,8,'SOPORTE HARDWARE'),
(11,8,'SOPORTE SOFTWARE'),(12,9,'JEFATURA CONTABILIDAD'),
(13,9,'AUXILIARES CONTABLES'),(14,10,'IMPUESTOS INTERNOS'),
(15,10,'IMPUESTOS IMPORTACIONES'),(16,11,'COMPRAS'),
(17,12,'ANALISTA DE COSTOS'),(18,13,'JEFE DE BODEGAS'),
(19,13,'AUXILIARES DE BODEGA'),(20,14,'SALAS DE VENTA'),
(21,15,'JEFATURA RRHH'),(22,16,'RECLUTAMIENTO'),
(23,17,'CALCULOS PLANILLA'),(24,18,'ATENCION AL EMPLEADO'),
(25,19,'CUENTAS POR PAGAR'),(26,20,'CUENTAS POR COBRAR'),
(27,21,'BANCOS GENERAL'),(28,22,'PROGRAMACION DE PAGOS'),
(29,23,'PROGRAMACION FINANCIERA'),
(30,24,'SUPERVISORES IMPULSACION'),
(31,25,'IMPULSADORES PERMANENTES'),
(32,25,'IMPULSDORES EVENTUALES'),(33,26,'EXPORTACIONES'),
(34,27,'OFERTAS'),(35,28,'ANALISIS DE RESULTADOS'),
(36,29,'SUPERVISORES TIENDAS ORIENTE'),(37,30,'VENDEDORES ORIENTE'),
(38,31,'SUPERVISORES OCCIDENTE'),(39,32,'VENDEDORES OCCIDENTE'),
(40,33,'SUPERVISORES PARACENTRAL'),(41,34,'VENDEDORES PARACENTRAL'),
(42,35,'SUPERVISORES METROPOLITANA'),(43,36,'VENDEDORES METROPOLITANA'),
(44,37,'VENDEDORES PERAMENTES'),(45,37,'VENDEDORES EVENTUALES'),
(46,38,'MATERIAS PRIMAS'),(47,39,'SEMIELABORADOS'),
(48,40,'TERMINADOS'),(49,41,'LIMPIEZA GENERAL'),
(50,42,'SERVICIOS GENERALES'),(51,43,'BODEGAS Y TIENDAS'),
(52,44,'CALIDAD'),(53,45,'JEFE LOGISTICA'),(54,45,'EMABLAJE');


/*LLENANDO PERIOCIDAD_PLANILLA*/
insert  into `PERIOCIDAD_PLANILLA`(`ID_PERIOCIDAD`,`DESC_PERIOCIDAD`,`PLANILLAS_POR_MES`) values (1,'MENSUAL',1),(2,'QUINCENAL',2);

/*LLENANDO TABLAS DE TABLA_RENTA*/
insert  into `TABLA_RENTA`(`ID_TABLA`,`NOMBRE_TABLA`) values (1,'RENTA MENSUAL'),(2,'RENTA QUINCENAL');

/*LLENANDO TABLA DETALLES_TABLA_RENTA*/
insert  into `DETALLES_TABLA_RENTA`(`ID_RANGO_RENTA`,`ID_TABLA`,`DESDE_MONTO_INGRESOS`,`HASTA_MONTO_INGRESOS`,`PORCENTAJE_RENTA_TABLA`,`VALOR_FIJO_RENTA_TABLA`) 
values (1,1,'0.01','472.00','0.00','0.00'),
(2,1,'472.01','895.24','10.00','17.67'),
(3,1,'895.25','2038.10','20.00','60.00'),
(4,1,'2038.11','1000000.00','30.00','288.57'),
(5,2,'0.01','236.00','0.00','0.00'),
(6,2,'236.01','447.62','10.00','8.83'),
(7,2,'447.63','1019.05','20.00','30.00'),
(8,2,'1019.06','1000000.00','30.00','144.28');

/*LLENANDO TABLA DE EMPRESA*/
insert  into `EMPRESA`(`ID_EMPRESA`,`ID_TABLA`,`ID_PERIOCIDAD`,`NOMBRE_EMPRESA`,`PORCENTAJE_ISSS`,`NIT_EMPRESA`,`NUMERO_AFP_PATRONAL`,`PORCENTAJE_INSAFORP`,`LIMITE_ISSS`,`NUMERO_EMP_MAX_INSAFORP`,`SALARIO_MINIMO`) 
values (1,1,1,'COMERCIALIZADORA LA  CORONA','3.00','0614-070519-107-3','098765432','1.00','1000.00',10,'305.00');



/*LLENANDO TABLA DE PROFESIONES*/
insert  into `PROFESIONES`(`ID_PROFESION_OFICIO`,`NOMBRE_PROFESION`,`ES_OFICIO`) 
values (1,'NO DEFINIDO',1),(2,'LIC. EN CONTADURIA PUBLICA',1),
(3,' CAJERA',1),(4,'AGRICULTOR(A)',1),(5,'ALBA',1),(6,'AMA DE CASA',1),
(9,'AUXILIAR CONTABLE',1),(10,'AVICULTOR(A)',1),(11,'AYUDANTE DE VENDEDOR',1),
(12,'AYUDANTE DE MECANICO',1),(13,'AYUDANTE DE MECARNICO',1),(14,'BACHILLER AUTOMOTRIZ',1),
(17,'BACHILLER',1),(19,'BACHILLER COMERCIAL CONTADOR',1),(20,'BACHILLER EN COMERCIO',1),
(22,'BARTENDER',1),(23,'BODEGUERO',1),(25,'CAJERA',1),(26,'CARPINTERO',1),
(28,'COCINERO',1),(29,'COMERCIANTE',1),(31,'CONTADOR',1),(32,'COSMETOLOGA',1),
(34,'COSTURERO (A)',1),(35,'DEPTO DE LIMPIEZA',1),(36,'DISE',1),(37,'DOMESTICA',1),
(38,'DOMESTICO',1),(41,'EJECUTIVA DE VENTAS',1),(43,'EJECUTIVO DE VENTAS',1),
(46,'ELECTRICISTA',1),(49,'EMPLEADA',1),(50,'EMPLEADO',1),(51,'EMPLEADO(A)',1),
(53,'EMPRESARIO',1),(54,'ENDEREZADOR Y PINTOR',1),(55,'ESTUDIANTE',1),
(60,'GRANJERO',1),(61,'ING. INDUSTRIAL',1),(63,'JORNALERO',1),(65,'LIC EN DISE',1),
(66,'LIC EN INFORMATICA',1),(67,'LIC EN PSICOLOGIA',1),(68,'LIC. EN ADMON DE EMPRESAS',1),
(69,'LIC. EN CONTADURIA PUBLICA',1),(70,'LIC. EN PSICOLOGIA',1),
(71,'LIC. EN REL. PUB. Y COMUNICACIONES',1),(73,'LICDA COM. PER. Y DIS. DE INTERIORES',1),
(74,'MAESTRA',1),(75,'MECANICO',1),(76,'MECANICO AUTOMOTRIZ',1),(77,'MECANICO INDUSTRIAL',1),
(78,'MECANICO SOLDADOR',1),(79,'MESERO',1),(80,'MICROEMPRESARIO',1),(81,'MODISTA',1),
(82,'MOTORISTA',1),(84,'MUSICO',1),(85,'OFICIOS DOMESTICOS',1),(86,'OBRERA',1),
(87,'OBRERO',1),(88,'OFICIOS DOMESTICOS',1),(89,'OFICIOS VARIOS',1),(90,'OPERADOR DE MAQUINAS',1),
(91,'OPERARIA',1),(92,'OPERARIO',1),(93,'ORDENANZA',1),(94,'PANIFICADORA',1),
(95,'PASTOR EVANGELICO',1),(96,'PERIODISTA',1),(97,'PINTOR',1),(98,'PINTOR AUTOMOTRIZ',1),
(99,'PROFESOR',1),(100,'RADIOTECNICO',1),(101,'RECEPCIONISTA',1),(102,'REPORTERO',1),(103,'SASTRE',1),
(104,'SECRETARIA',1),(105,'SECRETARIA COMERCIAL',1),(106,'SECRETARIA EJEC. BILINGUE',1),(107,'SOLDADOR',1),
(109,'SUPERVISOR',1),(110,'SUPERVISORA',1),(111,'TAPICERO',1),(112,'TEC EN ENFERMERIA',1),
(113,'TEC. EN PUBLICIDAD',1),(114,'TEC. ING EN COMPUTACION',1),(115,'TECNICO EN MERCADEO',1),
(116,'ZAPATERO',1),(117,'INGENIERO AGRONOMO',1),(119,'LIC. EN IDIOMA INGLES',1);

/*LLENANDO TABLA DE PUESTOS_TRABAJO*/
insert  into `PUESTOS_TRABAJO`(`ID_PUESTO`,`DESCRIPCION_PUESTO`,`SALARIO_MIN`,`SALARIO_MAX`) 
values (1,'Asistente Administrativa','400.00','500.00'),(2,'Auxiliar de Producci','350.00','450.00'),
(3,'Auxiliar Contable','300.00','400.00'),(4,'Auxiliar de Motorista','400.00','550.00'),
(5,'Bodeguero','300.00','375.00'),(6,'Contador General','60.00','1000.00'),
(7,'Dependiente de Mostrador','300.00','340.00'),(8,'Jefe de Producci','800.00','1200.00'),
(9,'Impulsador (a)','300.00','320.00'),(10,'Jefe de Tienda','400.00','450.00'),
(11,'Mantenimiento','400.00','450.00'),(12,'Motociclista','350.00','450.00'),
(13,'Motorista','450.00','550.00'),(14,'Motorista Repartidor','450.00','550.00'),
(15,'Operario de Producci','300.00','350.00'),(16,'Ordenanza','300.00','315.00'),
(17,'Vendedor','300.00','350.00'),(18,'Operario de Producci','300.00','375.00'),
(19,'Mercadeo','400.00','600.00'),(20,'Recursos Humanos','400.00','700.00'),
(21,'Auxiliar de Calidad','450.00','600.00'),(22,'Supervisor de Producci','500.00','600.00'),
(23,'Mensajero','350.00','450.00'),(24,'Jefe de Mercadeo','700.00','900.00'),
(25,'Aprendiz 50%','300.00','305.00'),(26,'Jefe de Logistica e Inventario','700.00','900.00'),
(27,'Encargado (a)  de Compras','550.00','750.00');

/*LLENANDO TABLA DE TIPO_ACCION_PERSONAL*/
insert  into `TIPO_ACCION_PERSONAL`(`ID_TIPO`,`DESCRIPCION`) values (1,'INCAPACIDAD'),(2,'PERMISO SIN SUELDO'),(3,'AUSENCIA'),(4,'MATERNIDAD'),(5,'VACACION');

/*LLENANDO TABLA DE TIPOS_MOVIMIENTO*/
insert  into `TIPOS_MOVIMIENTO`(`ID_TIPO_MOVIMIENTO`,`NOMBRE_TIPO_MOVIMIENTO`) 
values (1,'SALARIO'),(2,'HORAS EXTRA'),(3,'VACACIONES'),(4,'COMISIONES'),
(5,'BONIFICACIONES'),(6,'OTROS INGRESOS'),(7,'SEGURO SOCIAL'),(8,'AFP'),
(9,'RENTA'),(10,'PRESTAMOS BANCO'),(11,'FSV'),(12,'OTROS DESCUENTOS');

/*LLENANDO ESTATUS_PLANILLAS*/
insert  into `ESTATUS_PLANILLAS`(`ID_ESTATUS`,`NOMBRE_ESTATUS`,`CODIGO_ESTATUS`,`ESTATUS_PLANILLA`) 
values (1,'ACTIVA','ACT',1),(2,'CERRADA','CER',2),(3,'ABIERTA','AB',3);



/*LLENANDO TABLA CATALOGO_INGRESOS_DESCUENTOS */
insert  into `CATALOGO_INGRESOS_DESCUENTOS`(`ID_CODIGO`,`ID_TIPO_MOVIMIENTO`,`NOMBRE_CONCEPTO`,`APLICA_SEGURO`,`APLICA_AFP`,`APLICA_RENTA`,`TIPO`,`PREFIJO`) 
values (1,1,'SALARIO ORDINARIO',1,1,1,1,'SALARIO'),(2,7,'ISSS',0,0,1,2,'ISSS'),
(3,8,'AFP',0,0,1,2,'AFP'),(4,9,'RENTA',0,0,0,2,'RENTA'),
(5,1,'SALARIO VACACION',1,1,1,1,'SALVAC'),(6,4,'COMISIONES',1,1,1,1,'COM'),
(7,1,'AGUINALDO',0,0,1,1,'AGUI'),(8,5,'BONIFICACIONES',1,1,1,1,'SUELDO+'),
(9,2,'HORAS EXTRAS DIURNAS',1,1,1,1,'HEX'),(10,2,'NOCTURNIDAD',1,1,1,1,'HEXNOC'),
(11,2,'HORAS EXTRAS NOCTURNAS',1,1,1,1,'COMIS'),(12,3,'VACACIONES',1,1,1,1,'VACA'),
(13,12,'COMBUSTIBLE',0,0,0,2,'COM'),(14,10,'OID - BANCO DAVIVIENDA',0,0,0,2,'OIDDAV'),
(15,11,'F.S.V.',0,0,0,2,'FSV'),(16,10,'OID - BANCO AZUL',0,0,0,2,'OIDBAZ'),
(17,10,'OID - BANCO CUSCATLAN',0,0,0,2,'OIDCITI'),(18,10,'OID - BANCO PROMERICA',0,0,0,2,'OIDPROM'),
(19,12,'CELULAR',0,0,0,2,'TCEL'),(20,12,'PROCURADURIA GENERAL DE LA REPUBLICA',0,0,0,2,'PGR'),
(21,12,'ADELANTO DE SALARIOS',0,0,0,2,'ADS'),(22,12,'LLEGADAS TARDE',0,0,0,2,'LLETAR'),
(23,12,'DA',0,0,0,2,'COING'),(24,12,'DESCUENTO DE UNIFORMES, ZAPATOS Y OTROS',0,0,0,2,'EPP'),
(25,12,'DESCUENTO DE LLANTAS',0,0,0,2,'BONO1'),(26,12,'MULTAS & ESQUELAS',0,0,0,2,'BONO2'),
(27,10,'SERVICIOS MEDICOS',0,0,0,2,'SERVMED'),(28,6,'OTROS INGRESOS',1,1,0,1,'OTROSIN'),
(29,12,'OTROS DESCUENTOS',0,0,0,2,'OTROSDES'),
(30,6,'REINTEGRO UNIFORMES, ZAPATOS U OTROS',0,0,0,1,'REINT-UN'),(31,12,'AUSENTISMO',0,0,0,2,'AUSENTE'),
(32,6,'DOMICILIOS',1,1,1,1,'DOMI'),(33,6,'DIA DE ASUETO',1,1,1,1,'DDA');

/*LLENANDO TABLA DE EMPLEADOS*/
insert  into `EMPLEADOS`(`ID_EMPLEADO`,`ID_SUB_SECCION`,`ID_ESTADO`,`ID_ESTADO_CIVIL`,`ID_AFP`,`ID_PUESTO`,`ID_GENERO`,`ID_TIPO_CONTRATACION`,`ID_MUNICIPIO`,`ID_PROFESION_OFICIO`,`CODIGO_EMPLEADO`,`NOMBRE_PRIMERO`,`NOMBRE_SEGUNDO`,`APELLIDO_PATERNO`,`APELLIDO_MATERNO`,`FECHA_NACIMIENTO`,`DIRECCION`,`NUMERO_DOCUMENTO`,`FECHA_EXPEDICION`,`NIT`,`NUP`,`NUMERO_ISSS`,`FECHA_INGRESO`,`FECHA_CONTRATACION`,`SALARIO`,`CORREO_ELECTRONICO_INSTITUCIONAL`,`CORREO_ELECTRONICO_PERSONAL`,`TELEFONO`,`TELEFONO_MOVIL`,`NIVEL_ESTUDIOS`,`ID_EMPLEADO_JEFE`,`FECHA_RETIRO`,`HORARIO_TRABAJO`,`ID_USUARIO_CREO_EMPLEADO`,`FECHA_HORA_CREACION_EMPLEADO`) 
values (1,8,1,1,2,6,2,1,214,61,'0001','CRISTIAN','EDILSON','ARGUETA','MEDINA','1995-04-05','SAN SALVADOR','01693291-9','2019-04-05','0614-050495-107-3','123987652','63654714','2019-04-05','2019-04-05','700.00','am15005@ues.edu.sv','am15005@ues.edu.sv','2224-8647','7421-5485','UNIVERSITARIOS',0,'0000-00-00','Todo el dia en cuarentena',1,'2020-05-04 00:00:00'),
(2,9,1,1,2,8,2,1,214,61,'0002','MOISES','NELSON','FLORES','ESCOBAR','1996-09-06','SAN SALVADOR','37993291-2','2020-05-04','0614-060996-106-3','126717652','63387714','2015-08-07','2015-08-07','950.00','nelsonflores17@gmail.com','nelsonflores17@gmail.com','2224-8596','6208-0873','UNIVERSITARIOS',0,'0000-00-00','Todo el dia en cuarentena',1,'2020-05-05 00:00:00'),
(3,21,1,3,1,20,2,1,207,19,'0003','SANTIAGO','ERNESTO','LOPEZ','LARA','1983-05-02','ILOPANGO','01656291-3','2018-08-06','0614-020583-107-8','987717652','36787761','2008-02-01','2008-02-01','700.00','slara.it@gmail.com','slara.it@gmail.com','2295-3345','7746-3008','UNIVERSITARIOS',0,'0000-00-00','Todo el dia en cuarentena',1,'2020-05-06 00:00:00'),
(4,5,1,1,1,24,2,1,214,61,'0004','JOSE','RODRIGO','PRESA','MARIONA','1998-10-25','SAN SALVADOR','37993482-1','2017-07-09','0614-251098-106-5','987717367','36787496','2011-12-06','2011-12-06','650.00','rodrigopresamar@gmail.com','rodrigopresamar@gmail.com','2948-8596','7843-5453','UNIVERSITARIOS',0,'0000-00-00','Todo el dia en cuarentena',1,'2020-05-07 00:00:00');



