/*LLENANDO TABLA DEPARTAMENTOS */;
INSERT INTO `DEPARTAMENTOS` (`ID_DEPARTAMENTO`,`NOMBRE_DEPARTAMENTO`) VALUES
	(1, 'Ahuachapán'),
	(2, 'Santa Ana'),
	(3, 'Sonsonate'),
	(4, 'La Libertad'),
	(5, 'Chalatenango'),
	(6, 'San Salvador'),
	(7, 'Cuscatlán'),
	(8, 'La Paz'),
	(9, 'Cabañas'),
	(10, 'San Vicente'),
	(11, 'Usulután'),
	(12, 'Morazán'),
	(13, 'San Miguel'),
	(14, 'La Unión');

/*LLENANDO TABLA MUNICIPIOS */;
INSERT INTO `MUNICIPIOS` (`ID_MUNICIPIO`, `NOMBRE_MUNICIPIO`, `ID_DEPARTAMENTO`) VALUES
	(1, 'Ahuachapán', 1),
	(2, 'Jujutla', 1),
	(3, 'Atiquizaya', 1),
	(4, 'Concepción de Ataco', 1),
	(5, 'El Refugio', 1),
	(6, 'Guaymango', 1),
	(7, 'Apaneca', 1),
	(8, 'San Francisco Menéndez', 1),
	(9, 'San Lorenzo', 1),
	(10, 'San Pedro Puxtla', 1),
	(11, 'Tacuba', 1),
	(12, 'Turín', 1),
	(13, 'Candelaria de la Frontera', 2),
	(14, 'Chalchuapa', 2),
	(15, 'Coatepeque', 2),
	(16, 'El Congo', 2),
	(17, 'El Porvenir', 2),
	(18, 'Masahuat', 2),
	(19, 'Metapán', 2),
	(20, 'San Antonio Pajonal', 2),
	(21, 'San Sebastián Salitrillo', 2),
	(22, 'Santa Ana', 2),
	(23, 'Santa Rosa Guachipilín', 2),
	(24, 'Santiago de la Frontera', 2),
	(25, 'Texistepeque', 2),
	(26, 'Acajutla', 3),
	(27, 'Armenia', 3),
	(28, 'Caluco', 3),
	(29, 'Cuisnahuat', 3),
	(30, 'Izalco', 3),
	(31, 'Juayúa', 3),
	(32, 'Nahuizalco', 3),
	(33, 'Nahulingo', 3),
	(34, 'Salcoatitán', 3),
	(35, 'San Antonio del Monte', 3),
	(36, 'San Julián', 3),
	(37, 'Santa Catarina Masahuat', 3),
	(38, 'Santa Isabel Ishuatán', 3),
	(39, 'Santo Domingo de Guzmán', 3),
	(40, 'Sonsonate', 3),
	(41, 'Sonzacate', 3),
	(42, 'Alegría', 11),
	(43, 'Berlín', 11),
	(44, 'California', 11),
	(45, 'Concepción Batres', 11),
	(46, 'El Triunfo', 11),
	(47, 'Ereguayquín', 11),
	(48, 'Estanzuelas', 11),
	(49, 'Jiquilisco', 11),
	(50, 'Jucuapa', 11),
	(51, 'Jucuarán', 11),
	(52, 'Mercedes Umaña', 11),
	(53, 'Nueva Granada', 11),
	(54, 'Ozatlán', 11),
	(55, 'Puerto El Triunfo', 11),
	(56, 'San Agustín', 11),
	(57, 'San Buenaventura', 11),
	(58, 'San Dionisio', 11),
	(59, 'San Francisco Javier', 11),
	(60, 'Santa Elena', 11),
	(61, 'Santa María', 11),
	(62, 'Santiago de María', 11),
	(63, 'Tecapán', 11),
	(64, 'Usulután', 11),
	(65, 'Carolina', 13),
	(66, 'Chapeltique', 13),
	(67, 'Chinameca', 13),
	(68, 'Chirilagua', 13),
	(69, 'Ciudad Barrios', 13),
	(70, 'Comacarán', 13),
	(71, 'El Tránsito', 13),
	(72, 'Lolotique', 13),
	(73, 'Moncagua', 13),
	(74, 'Nueva Guadalupe', 13),
	(75, 'Nuevo Edén de San Juan', 13),
	(76, 'Quelepa', 13),
	(77, 'San Antonio del Mosco', 13),
	(78, 'San Gerardo', 13),
	(79, 'San Jorge', 13),
	(80, 'San Luis de la Reina', 13),
	(81, 'San Miguel', 13),
	(82, 'San Rafael Oriente', 13),
	(83, 'Sesori', 13),
	(84, 'Uluazapa', 13),
	(85, 'Arambala', 12),
	(86, 'Cacaopera', 12),
	(87, 'Chilanga', 12),
	(88, 'Corinto', 12),
	(89, 'Delicias de Concepción', 12),
	(90, 'El Divisadero', 12),
	(91, 'El Rosario (Morazán)', 12),
	(92, 'Gualococti', 12),
	(93, 'Guatajiagua', 12),
	(94, 'Joateca', 12),
	(95, 'Jocoaitique', 12),
	(96, 'Jocoro', 12),
	(97, 'Lolotiquillo', 12),
	(98, 'Meanguera', 12),
	(99, 'Osicala', 12),
	(100, 'Perquín', 12),
	(101, 'San Carlos', 12),
	(102, 'San Fernando (Morazán)', 12),
	(103, 'San Francisco Gotera', 12),
	(104, 'San Isidro (Morazán)', 12),
	(105, 'San Simón', 12),
	(106, 'Sensembra', 12),
	(107, 'Sociedad', 12),
	(108, 'Torola', 12),
	(109, 'Yamabal', 12),
	(110, 'Yoloaiquín', 12),
	(111, 'La Unión', 14),
	(112, 'San Alejo', 14),
	(113, 'Yucuaiquín', 14),
	(114, 'Conchagua', 14),
	(115, 'Intipucá', 14),
	(116, 'San José', 14),
	(117, 'El Carmen (La Unión)', 14),
	(118, 'Yayantique', 14),
	(119, 'Bolívar', 14),
	(120, 'Meanguera del Golfo', 14),
	(121, 'Santa Rosa de Lima', 14),
	(122, 'Pasaquina', 14),
	(123, 'Anamoros', 14),
	(124, 'Nueva Esparta', 14),
	(125, 'El Sauce', 14),
	(126, 'Concepción de Oriente', 14),
	(127, 'Polorós', 14),
	(128, 'Lislique', 14),
	(129, 'Antiguo Cuscatlán', 4),
	(130, 'Chiltiupán', 4),
	(131, 'Ciudad Arce', 4),
	(132, 'Colón', 4),
	(133, 'Comasagua', 4),
	(134, 'Huizúcar', 4),
	(135, 'Jayaque', 4),
	(136, 'Jicalapa', 4),
	(137, 'La Libertad', 4),
	(138, 'Santa Tecla', 4),
	(139, 'Nuevo Cuscatlán', 4),
	(140, 'San Juan Opico', 4),
	(141, 'Quezaltepeque', 4),
	(142, 'Sacacoyo', 4),
	(143, 'San José Villanueva', 4),
	(144, 'San Matías', 4),
	(145, 'San Pablo Tacachico', 4),
	(146, 'Talnique', 4),
	(147, 'Tamanique', 4),
	(148, 'Teotepeque', 4),
	(149, 'Tepecoyo', 4),
	(150, 'Zaragoza', 4),
	(151, 'Agua Caliente', 5),
	(152, 'Arcatao', 5),
	(153, 'Azacualpa', 5),
	(154, 'Cancasque', 5),
	(155, 'Chalatenango', 5),
	(156, 'Citalá', 5),
	(157, 'Comapala', 5),
	(158, 'Concepción Quezaltepeque', 5),
	(159, 'Dulce Nombre de María', 5),
	(160, 'El Carrizal', 5),
	(161, 'El Paraíso', 5),
	(162, 'La Laguna', 5),
	(163, 'La Palma', 5),
	(164, 'La Reina', 5),
	(165, 'Las Vueltas', 5),
	(166, 'Nueva Concepción', 5),
	(167, 'Nueva Trinidad', 5),
	(168, 'Nombre de Jesús', 5),
	(169, 'Ojos de Agua', 5),
	(170, 'Potonico', 5),
	(171, 'San Antonio de la Cruz', 5),
	(172, 'San Antonio Los Ranchos', 5),
	(173, 'San Fernando (Chalatenango)', 5),
	(174, 'San Francisco Lempa', 5),
	(175, 'San Francisco Morazán', 5),
	(176, 'San Ignacio', 5),
	(177, 'San Isidro Labrador', 5),
	(178, 'Las Flores', 5),
	(179, 'San Luis del Carmen', 5),
	(180, 'San Miguel de Mercedes', 5),
	(181, 'San Rafael', 5),
	(182, 'Santa Rita', 5),
	(183, 'Tejutla', 5),
	(184, 'Cojutepeque', 7),
	(185, 'Candelaria', 7),
	(186, 'El Carmen (Cuscatlán)', 7),
	(187, 'El Rosario (Cuscatlán)', 7),
	(188, 'Monte San Juan', 7),
	(189, 'Oratorio de Concepción', 7),
	(190, 'San Bartolomé Perulapía', 7),
	(191, 'San Cristóbal', 7),
	(192, 'San José Guayabal', 7),
	(193, 'San Pedro Perulapán', 7),
	(194, 'San Rafael Cedros', 7),
	(195, 'San Ramón', 7),
	(196, 'Santa Cruz Analquito', 7),
	(197, 'Santa Cruz Michapa', 7),
	(198, 'Suchitoto', 7),
	(199, 'Tenancingo', 7),
	(200, 'Aguilares', 6),
	(201, 'Apopa', 6),
	(202, 'Ayutuxtepeque', 6),
	(203, 'Cuscatancingo', 6),
	(204, 'Ciudad Delgado', 6),
	(205, 'El Paisnal', 6),
	(206, 'Guazapa', 6),
	(207, 'Ilopango', 6),
	(208, 'Mejicanos', 6),
	(209, 'Nejapa', 6),
	(210, 'Panchimalco', 6),
	(211, 'Rosario de Mora', 6),
	(212, 'San Marcos', 6),
	(213, 'San Martín', 6),
	(214, 'San Salvador', 6),
	(215, 'Santiago Texacuangos', 6),
	(216, 'Santo Tomás', 6),
	(217, 'Soyapango', 6),
	(218, 'Tonacatepeque', 6),
	(219, 'Zacatecoluca', 8),
	(220, 'Cuyultitán', 8),
	(221, 'El Rosario (La Paz)', 8),
	(222, 'Jerusalén', 8),
	(223, 'Mercedes La Ceiba', 8),
	(224, 'Olocuilta', 8),
	(225, 'Paraíso de Osorio', 8),
	(226, 'San Antonio Masahuat', 8),
	(227, 'San Emigdio', 8),
	(228, 'San Francisco Chinameca', 8),
	(229, 'San Pedro Masahuat', 8),
	(230, 'San Juan Nonualco', 8),
	(231, 'San Juan Talpa', 8),
	(232, 'San Juan Tepezontes', 8),
	(233, 'San Luis La Herradura', 8),
	(234, 'San Luis Talpa', 8),
	(235, 'San Miguel Tepezontes', 8),
	(236, 'San Pedro Nonualco', 8),
	(237, 'San Rafael Obrajuelo', 8),
	(238, 'Santa María Ostuma', 8),
	(239, 'Santiago Nonualco', 8),
	(240, 'Tapalhuaca', 8),
	(241, 'Cinquera', 9),
	(242, 'Dolores', 9),
	(243, 'Guacotecti', 9),
	(244, 'Ilobasco', 9),
	(245, 'Jutiapa', 9),
	(246, 'San Isidro (Cabañas)', 9),
	(247, 'Sensuntepeque', 9),
	(248, 'Tejutepeque', 9),
	(249, 'Victoria', 9),
	(250, 'Apastepeque', 10),
	(251, 'Guadalupe', 10),
	(252, 'San Cayetano Istepeque', 10),
	(253, 'San Esteban Catarina', 10),
	(254, 'San Ildefonso', 10),
	(255, 'San Lorenzo', 10),
	(256, 'San Sebastián', 10),
	(257, 'San Vicente', 10),
	(258, 'Santa Clara', 10),
	(259, 'Santo Domingo', 10),
	(260, 'Tecoluca', 10),
	(261, 'Tepetitán', 10),
	(262, 'Verapaz', 10);


/*LLENANDO TABLA ESTADO_CIVIL */;
INSERT INTO `ESTADOS_CIVIL` (`ID_ESTADO_CIVIL`, `NOMBRE_ESTADO_CIVIL`) VALUES
	(1, 'Soltero/a'),
	(2, 'Casado/a'),
	(3, 'Divorsiado/a'),
	(4, 'Viudo/a'),
	(5, 'Acompañado/a');

/*LLENANDO TABLA GENERO */;
INSERT INTO `GENEROS` (`ID_GENERO`, `DESCRIPCION_GENERO`) VALUES
	(1, 'Femenino'),
	(2, 'Masculino'),
	(3, 'Lesbiana'),
	(4, 'Gay'),
	(5, 'Bisexual');

/*LLENANDO TABLA TIPOS_CONTRATACION */;
INSERT INTO `TIPOS_CONTRATACION` (`ID_TIPO_CONTRATACION`, `NOMBRE_CONTRATACION`) VALUES
	(1, 'Contrato por tiempo indefinido'),
	(2, 'Contrato por periodo determinado'),
	(3, 'Contrato por servicios profesionales'),
	(4, 'Contrato para un periodo de prueba'),
	(5, 'Contrato para interinatos');

/*LLENANDO TABLA ESTADO_EMPLEADOS */;
INSERT INTO `ESTADO_EMPLEADOS` (`ID_ESTADO`, `NOMBRE_ESTADO`, `AFECTA_CALCULO`) VALUES
	(1, 'Activo', 1),
	(2, 'Vacaciones', 0),
	(3, 'Inactivo', 0),
	(4, 'Despedido', 0);


/*LLENANDO TABLA AFPS */
insert  into `AFPS`(`ID_AFP`,`NOMBRE_AFP`,`PORCENTAJE_LABORAL`,`PORCENTAJE_PATRONAL`,`LIMITE_MAXIMO_AFP`) 
values (1,'CONFIA','7.25','6.75','6900.00'),
(2,'CRECER','7.25','6.75','6900.00'),
(3,'IPSFA','6.00','6.00','6900.00'),
(4,'UPISSS','6.00','6.00','6900.00'),
(5,'SIN AFILIACION','10.00','0.00','6900.00');


/*LLENANDO TABLA UNIDADES */
insert  into `UNIDADES`(`ID_UNIDAD`,`NOMBRE_UNIDAD`) 
values (1,'GERENCIA GENERAL'),
(2,'GERENCIA ADMINISTRATIVA'),
(3,'GERENCIA FINANCIERA'),(4,'GERENCIA DE VENTAS'),
(5,'GERENCIA DE SUPERMERCADOS'),
(6,'GERENCIA DE PRODUCCION'),
(7,'GERENCIA DE CALIDAD');

/*LLENANDO TABLA DEPARTAMENTOS_EMPRESA*/
insert  into `DEPARTAMENTOS_EMPRESA`(`ID_DEPARTAMENTO_EMPRESA`,`ID_UNIDAD`,`NOMBRE_DEPARTAMENTO_EMPRESA`,`CODIGO_CENTRO_COSTO`) 
values (1,2,'ADMINISTRACION','001'),
(2,2,'CONTABILIDAD','002'),
(3,5,'TIENDAS ORIENTE','003'),
(4,5,'TIENDA OCCIDENTE','004'),
(5,5,'TIENDAS PARACENTRAL','005'),
(6,5,'TIENDA METROPOLITANA','006'),
(7,4,'IMPULSACION','007'),
(8,6,'PRODUCCION','008'),
(9,7,'CALIDAD','009'),
(10,6,'MANTENIMIENTO','010'),
(11,4,'EXPORTACIONES','011'),
(12,7,'LOGISTICA','012'),
(13,5,'TIENDAS DE CONVENIENCIA','013'),
(14,4,'MERCADEO','014'),
(15,3,'RECURSOS HUMANOS','015'),
(16,1,'GERENCIAS','016'),
(17,3,'TESORERIA','017');


/*LLENANDO TABLA DE AREAS*/
insert  into `AREAS`(`IDAREA`,`ID_DEPARTAMENTO_EMPRESA`,`NOMBRE_AREA`) 
values (1,16,'OPERATIVAS'),
(2,16,'ESTRATEGICAS'),
(3,1,'CONSEJO ADMINISTRACION'),
(4,1,'INFORMATICA'),
(5,2,'CONTABILIDAD GENERAL'),
(6,2,'IMPUESTOS'),
(7,2,'COMPRAS'),
(8,2,'COSTOS'),
(9,2,'INVENTARIOS'),
(10,15,'JEFATURA RRHH'),
(11,15,'RECLUTAMIENTO'),
(12,15,'CALCULOS PLANILLA'),
(13,15,'ATENCION AL EMPLEADO'),
(14,17,'CUENTAS POR PAGAR'),
(15,17,'CUENTAS POR COBRAR'),
(16,17,'BANCOS'),
(17,17,'PROGRAMACION FINANCIERA'),
(18,7,'SUPERVISORES IMPULSACION'),
(19,7,'IMPULSADORES'),
(20,11,'EXPORTACIONES'),
(21,14,'MERCADEO'),
(22,3,'SUPERVISORES TIENDAS ORIENTE'),
(23,3,'VENDEDORES ORIENTE'),
(24,4,'SUPERVISORES OCCIDENTE'),
(25,4,'VENDEDORES OCCIDENTE'),
(26,5,'SUPERVISORES PARACENTRAL'),
(27,5,'VENDEDORES PARACENTRAL'),
(28,6,'SUPERVISORES METROPOLITANA'),
(29,6,'VENDEDORES METROPOLITANA'),
(30,13,'VENDEDORES'),
(31,8,'MATERIAS PRIMAS'),
(32,8,'SEMIELABORADOS'),
(33,8,'TERMINADOS'),
(34,10,'MANTENIMIENTO ADMINISTRATIVO'),
(35,10,'BODEGAS Y TIENDAS'),
(36,9,'CALIDAD'),
(37,12,'LOGISTICA');

/*LLENANDO TABLA SECCIONES*/
insert  into `SECCIONES`(`ID_SECCION`,`IDAREA`,`NOMBRE_SECCION`)
 values (1,1,'OPERATIVA NACIONAL'),
(2,1,'OPERATIVA INTERNACIONAL'),
(3,2,'ESTRATEGICA NACIONAL'),
(4,2,'ESTRATEGICA INTERNACIONAL'),
(5,3,'PRESIDENTES'),
(6,3,'ACCIONISTAS DIETAS'),
(7,4,'DESARROLLO INFORMATICA'),
(8,4,'SOPORTE TECNICO'),
(9,5,'CONTABILIDAD GENERAL'),
(10,6,'IMPUESTOS'),
(11,7,'COMPRAS'),
(12,8,'COSTOS'),
(13,9,'BODEGAS'),
(14,9,'SALAS DE VENTAS'),
(15,10,'JEFATURA RRHH'),
(16,11,'RECLUTAMIENTO'),
(17,12,'CALCULOS PLANILLA'),
(18,13,'ATENCION AL EMPLEADO'),
(19,14,'CUENTAS POR PAGAR'),
(20,15,'CUENTAS POR COBRAR'),
(21,16,'BANCOS GENERAL'),
(22,16,'PROGRAMACION DE PAGOS'),
(23,17,'PROGRAMACION FINANCIERA'),
(24,18,'SUPERVISORES IMPULSACION'),
(25,19,'IMPULSADORES'),
(26,20,'EXPORTACIONES'),
(27,21,'OFERTAS'),
(28,21,'ANALISIS DE RESULTADOS'),
(29,22,'SUPERVISORES TIENDAS ORIENTE'),
(30,23,'VENDEDORES ORIENTE'),
(31,24,'SUPERVISORES OCCIDENTE'),
(32,25,'VENDEDORES OCCIDENTE'),
(33,26,'SUPERVISORES PARACENTRAL'),
(34,27,'VENDEDORES PARACENTRAL'),
(35,28,'SUPERVISORES METROPOLITANA'),
(36,29,'VENDEDORES METROPOLITANA'),
(37,30,'VENDEDORES'),
(38,31,'MATERIAS PRIMAS'),
(39,32,'SEMIELABORADOS'),
(40,33,'TERMINADOS'),
(41,34,'LIMPIEZA GENERAL'),
(42,34,'SERVICIOS GENERALES'),
(43,35,'BODEGAS Y TIENDAS'),
(44,36,'CALIDAD'),
(45,37,'LOGISTICA');

/*LLENANDO TABLA DE SUB_SECCIONES*/
insert  into `SUB_SECCIONES`(`ID_SUB_SECCION`,`ID_SECCION`,`NOMBRE_SUB_SECCION`) 
values (1,1,'OPERATIVA NACIONAL'),(2,2,'OPERATIVA INTERNACIONAL'),
(3,3,'ESTRATEGICA NACIONAL'),(4,4,'ESTRATEGICA INTERNACIONAL'),
(5,5,'PRESIDENTES'),(6,6,'ACCIONISTAS DIETAS'),(7,7,'DESARROLLO WEB'),
(8,7,'DBA'),(9,7,'ANALISTAS SISTEMAS'),(10,8,'SOPORTE HARDWARE'),
(11,8,'SOPORTE SOFTWARE'),(12,9,'JEFATURA CONTABILIDAD'),
(13,9,'AUXILIARES CONTABLES'),(14,10,'IMPUESTOS INTERNOS'),
(15,10,'IMPUESTOS IMPORTACIONES'),(16,11,'COMPRAS'),
(17,12,'ANALISTA DE COSTOS'),(18,13,'JEFE DE BODEGAS'),
(19,13,'AUXILIARES DE BODEGA'),(20,14,'SALAS DE VENTA'),
(21,15,'JEFATURA RRHH'),(22,16,'RECLUTAMIENTO'),
(23,17,'CALCULOS PLANILLA'),(24,18,'ATENCION AL EMPLEADO'),
(25,19,'CUENTAS POR PAGAR'),(26,20,'CUENTAS POR COBRAR'),
(27,21,'BANCOS GENERAL'),(28,22,'PROGRAMACION DE PAGOS'),
(29,23,'PROGRAMACION FINANCIERA'),
(30,24,'SUPERVISORES IMPULSACION'),
(31,25,'IMPULSADORES PERMANENTES'),
(32,25,'IMPULSDORES EVENTUALES'),(33,26,'EXPORTACIONES'),
(34,27,'OFERTAS'),(35,28,'ANALISIS DE RESULTADOS'),
(36,29,'SUPERVISORES TIENDAS ORIENTE'),(37,30,'VENDEDORES ORIENTE'),
(38,31,'SUPERVISORES OCCIDENTE'),(39,32,'VENDEDORES OCCIDENTE'),
(40,33,'SUPERVISORES PARACENTRAL'),(41,34,'VENDEDORES PARACENTRAL'),
(42,35,'SUPERVISORES METROPOLITANA'),(43,36,'VENDEDORES METROPOLITANA'),
(44,37,'VENDEDORES PERAMENTES'),(45,37,'VENDEDORES EVENTUALES'),
(46,38,'MATERIAS PRIMAS'),(47,39,'SEMIELABORADOS'),
(48,40,'TERMINADOS'),(49,41,'LIMPIEZA GENERAL'),
(50,42,'SERVICIOS GENERALES'),(51,43,'BODEGAS Y TIENDAS'),
(52,44,'CALIDAD'),(53,45,'JEFE LOGISTICA'),(54,45,'EMABLAJE');


/*LLENANDO PERIOCIDAD_PLANILLA*/
insert  into `PERIOCIDAD_PLANILLA`(`ID_PERIOCIDAD`,`DESC_PERIOCIDAD`,`PLANILLAS_POR_MES`) values (1,'MENSUAL',1),(2,'QUINCENAL',2);

/*LLENANDO TABLAS DE TABLA_RENTA*/
insert  into `TABLA_RENTA`(`ID_TABLA`,`NOMBRE_TABLA`) values (1,'RENTA MENSUAL'),(2,'RENTA QUINCENAL');

/*LLENANDO TABLA DETALLES_TABLA_RENTA*/
insert  into `DETALLES_TABLA_RENTA`(`ID_RANGO_RENTA`,`ID_TABLA`,`DESDE_MONTO_INGRESOS`,`HASTA_MONTO_INGRESOS`,`PORCENTAJE_RENTA_TABLA`,`VALOR_FIJO_RENTA_TABLA`) 
values (1,1,'0.01','472.00','0.00','0.00'),
(2,1,'472.01','895.24','10.00','17.67'),
(3,1,'895.25','2038.10','20.00','60.00'),
(4,1,'2038.11','1000000.00','30.00','288.57'),
(5,2,'0.01','236.00','0.00','0.00'),
(6,2,'236.01','447.62','10.00','8.83'),
(7,2,'447.63','1019.05','20.00','30.00'),
(8,2,'1019.06','1000000.00','30.00','144.28');

/*LLENANDO TABLA DE EMPRESA*/
insert  into `EMPRESA`(`ID_EMPRESA`,`ID_TABLA`,`ID_PERIOCIDAD`,`NOMBRE_EMPRESA`,`PORCENTAJE_ISSS`,`NIT_EMPRESA`,`NUMERO_AFP_PATRONAL`,`PORCENTAJE_INSAFORP`,`LIMITE_ISSS`,`NUMERO_EMP_MAX_INSAFORP`,`SALARIO_MINIMO`) 
values (1,1,1,'COMERCIALIZADORA LA  CORONA','3.00','0614-070519-107-3','098765432','1.00','1000.00',10,'305.00');



/*LLENANDO TABLA DE PROFESIONES*/
insert  into `PROFESIONES`(`ID_PROFESION_OFICIO`,`NOMBRE_PROFESION`,`ES_OFICIO`) 
values (1,'NO DEFINIDO',1),(2,'LIC. EN CONTADURIA PUBLICA',1),
(3,' CAJERA',1),(4,'AGRICULTOR(A)',1),(5,'ALBA',1),(6,'AMA DE CASA',1),
(9,'AUXILIAR CONTABLE',1),(10,'AVICULTOR(A)',1),(11,'AYUDANTE DE VENDEDOR',1),
(12,'AYUDANTE DE MECANICO',1),(13,'AYUDANTE DE MECARNICO',1),(14,'BACHILLER AUTOMOTRIZ',1),
(17,'BACHILLER',1),(19,'BACHILLER COMERCIAL CONTADOR',1),(20,'BACHILLER EN COMERCIO',1),
(22,'BARTENDER',1),(23,'BODEGUERO',1),(25,'CAJERA',1),(26,'CARPINTERO',1),
(28,'COCINERO',1),(29,'COMERCIANTE',1),(31,'CONTADOR',1),(32,'COSMETOLOGA',1),
(34,'COSTURERO (A)',1),(35,'DEPTO DE LIMPIEZA',1),(36,'DISE',1),(37,'DOMESTICA',1),
(38,'DOMESTICO',1),(41,'EJECUTIVA DE VENTAS',1),(43,'EJECUTIVO DE VENTAS',1),
(46,'ELECTRICISTA',1),(49,'EMPLEADA',1),(50,'EMPLEADO',1),(51,'EMPLEADO(A)',1),
(53,'EMPRESARIO',1),(54,'ENDEREZADOR Y PINTOR',1),(55,'ESTUDIANTE',1),
(60,'GRANJERO',1),(61,'ING. INDUSTRIAL',1),(63,'JORNALERO',1),(65,'LIC EN DISE',1),
(66,'LIC EN INFORMATICA',1),(67,'LIC EN PSICOLOGIA',1),(68,'LIC. EN ADMON DE EMPRESAS',1),
(69,'LIC. EN CONTADURIA PUBLICA',1),(70,'LIC. EN PSICOLOGIA',1),
(71,'LIC. EN REL. PUB. Y COMUNICACIONES',1),(73,'LICDA COM. PER. Y DIS. DE INTERIORES',1),
(74,'MAESTRA',1),(75,'MECANICO',1),(76,'MECANICO AUTOMOTRIZ',1),(77,'MECANICO INDUSTRIAL',1),
(78,'MECANICO SOLDADOR',1),(79,'MESERO',1),(80,'MICROEMPRESARIO',1),(81,'MODISTA',1),
(82,'MOTORISTA',1),(84,'MUSICO',1),(85,'OFICIOS DOMESTICOS',1),(86,'OBRERA',1),
(87,'OBRERO',1),(88,'OFICIOS DOMESTICOS',1),(89,'OFICIOS VARIOS',1),(90,'OPERADOR DE MAQUINAS',1),
(91,'OPERARIA',1),(92,'OPERARIO',1),(93,'ORDENANZA',1),(94,'PANIFICADORA',1),
(95,'PASTOR EVANGELICO',1),(96,'PERIODISTA',1),(97,'PINTOR',1),(98,'PINTOR AUTOMOTRIZ',1),
(99,'PROFESOR',1),(100,'RADIOTECNICO',1),(101,'RECEPCIONISTA',1),(102,'REPORTERO',1),(103,'SASTRE',1),
(104,'SECRETARIA',1),(105,'SECRETARIA COMERCIAL',1),(106,'SECRETARIA EJEC. BILINGUE',1),(107,'SOLDADOR',1),
(109,'SUPERVISOR',1),(110,'SUPERVISORA',1),(111,'TAPICERO',1),(112,'TEC EN ENFERMERIA',1),
(113,'TEC. EN PUBLICIDAD',1),(114,'TEC. ING EN COMPUTACION',1),(115,'TECNICO EN MERCADEO',1),
(116,'ZAPATERO',1),(117,'INGENIERO AGRONOMO',1),(119,'LIC. EN IDIOMA INGLES',1);

/*LLENANDO TABLA DE PUESTOS_TRABAJO*/
insert  into `PUESTOS_TRABAJO`(`ID_PUESTO`,`DESCRIPCION_PUESTO`,`SALARIO_MIN`,`SALARIO_MAX`) 
values (1,'Asistente Administrativa','400.00','500.00'),(2,'Auxiliar de Producci','350.00','450.00'),
(3,'Auxiliar Contable','300.00','400.00'),(4,'Auxiliar de Motorista','400.00','550.00'),
(5,'Bodeguero','300.00','375.00'),(6,'Contador General','60.00','1000.00'),
(7,'Dependiente de Mostrador','300.00','340.00'),(8,'Jefe de Producci','800.00','1200.00'),
(9,'Impulsador (a)','300.00','320.00'),(10,'Jefe de Tienda','400.00','450.00'),
(11,'Mantenimiento','400.00','450.00'),(12,'Motociclista','350.00','450.00'),
(13,'Motorista','450.00','550.00'),(14,'Motorista Repartidor','450.00','550.00'),
(15,'Operario de Producci','300.00','350.00'),(16,'Ordenanza','300.00','315.00'),
(17,'Vendedor','300.00','350.00'),(18,'Operario de Producci','300.00','375.00'),
(19,'Mercadeo','400.00','600.00'),(20,'Recursos Humanos','400.00','700.00'),
(21,'Auxiliar de Calidad','450.00','600.00'),(22,'Supervisor de Producci','500.00','600.00'),
(23,'Mensajero','350.00','450.00'),(24,'Jefe de Mercadeo','700.00','900.00'),
(25,'Aprendiz 50%','300.00','305.00'),(26,'Jefe de Logistica e Inventario','700.00','900.00'),
(27,'Encargado (a)  de Compras','550.00','750.00');

/*LLENANDO TABLA DE TIPO_ACCION_PERSONAL*/
insert  into `TIPO_ACCION_PERSONAL`(`ID_TIPO`,`DESCRIPCION`) values (1,'INCAPACIDAD'),(2,'PERMISO SIN SUELDO'),(3,'AUSENCIA'),(4,'MATERNIDAD'),(5,'VACACION');

/*LLENANDO TABLA DE TIPOS_MOVIMIENTO*/
insert  into `TIPOS_MOVIMIENTO`(`ID_TIPO_MOVIMIENTO`,`NOMBRE_TIPO_MOVIMIENTO`) 
values (1,'SALARIO'),(2,'HORAS EXTRA'),(3,'VACACIONES'),(4,'COMISIONES'),
(5,'BONIFICACIONES'),(6,'OTROS INGRESOS'),(7,'SEGURO SOCIAL'),(8,'AFP'),
(9,'RENTA'),(10,'PRESTAMOS BANCO'),(11,'FSV'),(12,'OTROS DESCUENTOS');

/*LLENANDO ESTATUS_PLANILLAS*/
insert  into `ESTATUS_PLANILLAS`(`ID_ESTATUS`,`NOMBRE_ESTATUS`,`CODIGO_ESTATUS`,`ESTATUS_PLANILLA`) 
values (1,'ACTIVA','ACT',1),(2,'CERRADA','CER',2),(3,'ABIERTA','AB',3);


/*LLENANDO TABLA CATALOGO_INGRESOS_DESCUENTOS */
insert  into `CATALOGO_INGRESOS_DESCUENTOS`(`ID_CODIGO`,`ID_TIPO_MOVIMIENTO`,`NOMBRE_CONCEPTO`,`APLICA_SEGURO`,`APLICA_AFP`,`APLICA_RENTA`,`TIPO`,`PREFIJO`) 
values (1,1,'SALARIO ORDINARIO',1,1,1,1,'SALARIO'),(2,7,'ISSS',0,0,1,2,'ISSS'),
(3,8,'AFP',0,0,1,2,'AFP'),(4,9,'RENTA',0,0,0,2,'RENTA'),
(5,1,'SALARIO VACACION',1,1,1,1,'SALVAC'),(6,4,'COMISIONES',1,1,1,1,'COM'),
(7,1,'AGUINALDO',0,0,1,1,'AGUI'),(8,5,'BONIFICACIONES',1,1,1,1,'SUELDO+'),
(9,2,'HORAS EXTRAS DIURNAS',1,1,1,1,'HEX'),(10,2,'NOCTURNIDAD',1,1,1,1,'HEXNOC'),
(11,2,'HORAS EXTRAS NOCTURNAS',1,1,1,1,'COMIS'),(12,3,'VACACIONES',1,1,1,1,'VACA'),
(13,12,'COMBUSTIBLE',0,0,0,2,'COM'),(14,10,'OID - BANCO DAVIVIENDA',0,0,0,2,'OIDDAV'),
(15,11,'F.S.V.',0,0,0,2,'FSV'),(16,10,'OID - BANCO AZUL',0,0,0,2,'OIDBAZ'),
(17,10,'OID - BANCO CUSCATLAN',0,0,0,2,'OIDCITI'),(18,10,'OID - BANCO PROMERICA',0,0,0,2,'OIDPROM'),
(19,12,'CELULAR',0,0,0,2,'TCEL'),(20,12,'PROCURADURIA GENERAL DE LA REPUBLICA',0,0,0,2,'PGR'),
(21,12,'ADELANTO DE SALARIOS',0,0,0,2,'ADS'),(22,12,'LLEGADAS TARDE',0,0,0,2,'LLETAR'),
(23,12,'DA',0,0,0,2,'COING'),(24,12,'DESCUENTO DE UNIFORMES, ZAPATOS Y OTROS',0,0,0,2,'EPP'),
(25,12,'DESCUENTO DE LLANTAS',0,0,0,2,'BONO1'),(26,12,'MULTAS & ESQUELAS',0,0,0,2,'BONO2'),
(27,10,'SERVICIOS MEDICOS',0,0,0,2,'SERVMED'),(28,6,'OTROS INGRESOS',1,1,0,1,'OTROSIN'),
(29,12,'OTROS DESCUENTOS',0,0,0,2,'OTROSDES'),
(30,6,'REINTEGRO UNIFORMES, ZAPATOS U OTROS',0,0,0,1,'REINT-UN'),(31,12,'AUSENTISMO',0,0,0,2,'AUSENTE'),
(32,6,'DOMICILIOS',1,1,1,1,'DOMI'),(33,6,'DIA DE ASUETO',1,1,1,1,'DDA');

/*LLENANDO TABLA DE EMPLEADOS*/

insert into `empleados` (`ID_EMPLEADO`, `ID_PUESTO`, `ID_PROFESION_OFICIO`, `ID_ESTADO_CIVIL`, `ID_GENERO`, `ID_SUB_SECCION`, `ID_TIPO_CONTRATACION`, `ID_AFP`, `ID_ESTADO`, `ID_MUNICIPIO`, `CODIGO_EMPLEADO`, `NOMBRE_PRIMERO`, `NOMBRE_SEGUNDO`, `APELLIDO_PATERNO`, `APELLIDO_MATERNO`, `FECHA_NACIMIENTO`, `NUMERO_DOCUMENTO`, `FECHA_EXPEDICION`, `NIT`, `NUP`, `NUMERO_ISSS`, `FECHA_INGRESO`, `FECHA_CONTRATACION`, `SALARIO`, `CORREO_ELECTRONICO_INSTITUCIONAL`, `CORREO_ELECTRONICO_PERSONAL`, `NIVEL_ESTUDIOS`, `ID_EMPLEADO_JEFE`, `FECHA_RETIRO`, `HORARIO_TRABAJO`, `ID_USUARIO_CREO_EMPLEADO`, `FECHA_HORA_CREACION_EMPLEADO`) values('1','6','61','1','2','8','1','2','1','214','0001','CRISTIAN','EDILSON','ARGUETA','MEDINA','1995-04-05','01693291-9','2019-04-05','0614-050495-107-3','123987652','63654714','2019-04-05','2019-04-05','700.00','am15005@ues.edu.sv','am15005@ues.edu.sv','UNIVERSITARIOS','0','0000-00-00','Todo el dia en cuarentena','1','2020-05-04 00:00:00');
insert into `empleados` (`ID_EMPLEADO`, `ID_PUESTO`, `ID_PROFESION_OFICIO`, `ID_ESTADO_CIVIL`, `ID_GENERO`, `ID_SUB_SECCION`, `ID_TIPO_CONTRATACION`, `ID_AFP`, `ID_ESTADO`, `ID_MUNICIPIO`, `CODIGO_EMPLEADO`, `NOMBRE_PRIMERO`, `NOMBRE_SEGUNDO`, `APELLIDO_PATERNO`, `APELLIDO_MATERNO`, `FECHA_NACIMIENTO`, `NUMERO_DOCUMENTO`, `FECHA_EXPEDICION`, `NIT`, `NUP`, `NUMERO_ISSS`, `FECHA_INGRESO`, `FECHA_CONTRATACION`, `SALARIO`, `CORREO_ELECTRONICO_INSTITUCIONAL`, `CORREO_ELECTRONICO_PERSONAL`, `NIVEL_ESTUDIOS`, `ID_EMPLEADO_JEFE`, `FECHA_RETIRO`, `HORARIO_TRABAJO`, `ID_USUARIO_CREO_EMPLEADO`, `FECHA_HORA_CREACION_EMPLEADO`) values('2','8','61','1','2','9','1','2','1','214','0002','MOISES','NELSON','FLORES','ESCOBAR','1996-09-06','37993291-2','2020-05-04','0614-060996-106-3','126717652','63387714','2015-08-07','2015-08-07','950.00','nelsonflores17@gmail.com','nelsonflores17@gmail.com','UNIVERSITARIOS','0','0000-00-00','Todo el dia en cuarentena','1','2020-05-05 00:00:00');
insert into `empleados` (`ID_EMPLEADO`, `ID_PUESTO`, `ID_PROFESION_OFICIO`, `ID_ESTADO_CIVIL`, `ID_GENERO`, `ID_SUB_SECCION`, `ID_TIPO_CONTRATACION`, `ID_AFP`, `ID_ESTADO`, `ID_MUNICIPIO`, `CODIGO_EMPLEADO`, `NOMBRE_PRIMERO`, `NOMBRE_SEGUNDO`, `APELLIDO_PATERNO`, `APELLIDO_MATERNO`, `FECHA_NACIMIENTO`, `NUMERO_DOCUMENTO`, `FECHA_EXPEDICION`, `NIT`, `NUP`, `NUMERO_ISSS`, `FECHA_INGRESO`, `FECHA_CONTRATACION`, `SALARIO`, `CORREO_ELECTRONICO_INSTITUCIONAL`, `CORREO_ELECTRONICO_PERSONAL`, `NIVEL_ESTUDIOS`, `ID_EMPLEADO_JEFE`, `FECHA_RETIRO`, `HORARIO_TRABAJO`, `ID_USUARIO_CREO_EMPLEADO`, `FECHA_HORA_CREACION_EMPLEADO`) values('3','20','19','3','2','21','1','1','1','207','0003','SANTIAGO','ERNESTO','LOPEZ','LARA','1983-05-02','01656291-3','2018-08-06','0614-020583-107-8','987717652','36787761','2008-02-01','2008-02-01','700.00','slara.it@gmail.com','slara.it@gmail.com','UNIVERSITARIOS','0','0000-00-00','Todo el dia en cuarentena','1','2020-05-06 00:00:00');
insert into `empleados` (`ID_EMPLEADO`, `ID_PUESTO`, `ID_PROFESION_OFICIO`, `ID_ESTADO_CIVIL`, `ID_GENERO`, `ID_SUB_SECCION`, `ID_TIPO_CONTRATACION`, `ID_AFP`, `ID_ESTADO`, `ID_MUNICIPIO`, `CODIGO_EMPLEADO`, `NOMBRE_PRIMERO`, `NOMBRE_SEGUNDO`, `APELLIDO_PATERNO`, `APELLIDO_MATERNO`, `FECHA_NACIMIENTO`, `NUMERO_DOCUMENTO`, `FECHA_EXPEDICION`, `NIT`, `NUP`, `NUMERO_ISSS`, `FECHA_INGRESO`, `FECHA_CONTRATACION`, `SALARIO`, `CORREO_ELECTRONICO_INSTITUCIONAL`, `CORREO_ELECTRONICO_PERSONAL`, `NIVEL_ESTUDIOS`, `ID_EMPLEADO_JEFE`, `FECHA_RETIRO`, `HORARIO_TRABAJO`, `ID_USUARIO_CREO_EMPLEADO`, `FECHA_HORA_CREACION_EMPLEADO`) values('4','24','61','1','2','5','1','1','1','214','0004','JOSE','RODRIGO','PRESA','MARIONA','1998-10-25','37993482-1','2017-07-09','0614-251098-106-5','987717367','36787496','2011-12-06','2011-12-06','650.00','rodrigopresamar@gmail.com','rodrigopresamar@gmail.com','UNIVERSITARIOS','0','0000-00-00','Todo el dia en cuarentena','1','2020-05-07 00:00:00');
insert into `empleados` (`ID_EMPLEADO`, `ID_PUESTO`, `ID_PROFESION_OFICIO`, `ID_ESTADO_CIVIL`, `ID_GENERO`, `ID_SUB_SECCION`, `ID_TIPO_CONTRATACION`, `ID_AFP`, `ID_ESTADO`, `ID_MUNICIPIO`, `CODIGO_EMPLEADO`, `NOMBRE_PRIMERO`, `NOMBRE_SEGUNDO`, `APELLIDO_PATERNO`, `APELLIDO_MATERNO`, `FECHA_NACIMIENTO`, `NUMERO_DOCUMENTO`, `FECHA_EXPEDICION`, `NIT`, `NUP`, `NUMERO_ISSS`, `FECHA_INGRESO`, `FECHA_CONTRATACION`, `SALARIO`, `CORREO_ELECTRONICO_INSTITUCIONAL`, `CORREO_ELECTRONICO_PERSONAL`, `NIVEL_ESTUDIOS`, `ID_EMPLEADO_JEFE`, `FECHA_RETIRO`, `HORARIO_TRABAJO`, `ID_USUARIO_CREO_EMPLEADO`, `FECHA_HORA_CREACION_EMPLEADO`) values('5','1','50','1','2','1','1','1','1','1','0005','Alberto','Aldemaro','Gonzalez','Dominguez','1990-06-05','00000009','2008-05-31','00000000000005','0000005','00000005','2019-01-05','2019-01-05','300.00','correo@ues.com','correo@ues.com','UNIVERSITARIOS','10','0000-00-00','ADMINISTRATIVO','1','2020-03-25 00:00:00');
insert into `empleados` (`ID_EMPLEADO`, `ID_PUESTO`, `ID_PROFESION_OFICIO`, `ID_ESTADO_CIVIL`, `ID_GENERO`, `ID_SUB_SECCION`, `ID_TIPO_CONTRATACION`, `ID_AFP`, `ID_ESTADO`, `ID_MUNICIPIO`, `CODIGO_EMPLEADO`, `NOMBRE_PRIMERO`, `NOMBRE_SEGUNDO`, `APELLIDO_PATERNO`, `APELLIDO_MATERNO`, `FECHA_NACIMIENTO`, `NUMERO_DOCUMENTO`, `FECHA_EXPEDICION`, `NIT`, `NUP`, `NUMERO_ISSS`, `FECHA_INGRESO`, `FECHA_CONTRATACION`, `SALARIO`, `CORREO_ELECTRONICO_INSTITUCIONAL`, `CORREO_ELECTRONICO_PERSONAL`, `NIVEL_ESTUDIOS`, `ID_EMPLEADO_JEFE`, `FECHA_RETIRO`, `HORARIO_TRABAJO`, `ID_USUARIO_CREO_EMPLEADO`, `FECHA_HORA_CREACION_EMPLEADO`) values('6','2','50','1','2','2','1','1','1','2','0006','Alexis','Alberto','Lopez','Quijada','1990-06-06','00000010','2008-06-01','00000000000006','0000006','00000006','2019-01-06','2019-01-06','400.00','correo@ues.com','correo@ues.com','UNIVERSITARIOS','11','0000-00-00','ADMINISTRATIVO','1','2020-03-26 00:00:00');
insert into `empleados` (`ID_EMPLEADO`, `ID_PUESTO`, `ID_PROFESION_OFICIO`, `ID_ESTADO_CIVIL`, `ID_GENERO`, `ID_SUB_SECCION`, `ID_TIPO_CONTRATACION`, `ID_AFP`, `ID_ESTADO`, `ID_MUNICIPIO`, `CODIGO_EMPLEADO`, `NOMBRE_PRIMERO`, `NOMBRE_SEGUNDO`, `APELLIDO_PATERNO`, `APELLIDO_MATERNO`, `FECHA_NACIMIENTO`, `NUMERO_DOCUMENTO`, `FECHA_EXPEDICION`, `NIT`, `NUP`, `NUMERO_ISSS`, `FECHA_INGRESO`, `FECHA_CONTRATACION`, `SALARIO`, `CORREO_ELECTRONICO_INSTITUCIONAL`, `CORREO_ELECTRONICO_PERSONAL`, `NIVEL_ESTUDIOS`, `ID_EMPLEADO_JEFE`, `FECHA_RETIRO`, `HORARIO_TRABAJO`, `ID_USUARIO_CREO_EMPLEADO`, `FECHA_HORA_CREACION_EMPLEADO`) values('7','3','50','1','1','3','1','1','1','3','0007','Ambar','Marina','Gil','Rodr','1990-06-07','00000011','2008-06-02','00000000000007','0000007','00000007','2019-01-07','2019-01-07','500.00','correo@ues.com','correo@ues.com','UNIVERSITARIOS','12','0000-00-00','ADMINISTRATIVO','1','2020-03-27 00:00:00');
insert into `empleados` (`ID_EMPLEADO`, `ID_PUESTO`, `ID_PROFESION_OFICIO`, `ID_ESTADO_CIVIL`, `ID_GENERO`, `ID_SUB_SECCION`, `ID_TIPO_CONTRATACION`, `ID_AFP`, `ID_ESTADO`, `ID_MUNICIPIO`, `CODIGO_EMPLEADO`, `NOMBRE_PRIMERO`, `NOMBRE_SEGUNDO`, `APELLIDO_PATERNO`, `APELLIDO_MATERNO`, `FECHA_NACIMIENTO`, `NUMERO_DOCUMENTO`, `FECHA_EXPEDICION`, `NIT`, `NUP`, `NUMERO_ISSS`, `FECHA_INGRESO`, `FECHA_CONTRATACION`, `SALARIO`, `CORREO_ELECTRONICO_INSTITUCIONAL`, `CORREO_ELECTRONICO_PERSONAL`, `NIVEL_ESTUDIOS`, `ID_EMPLEADO_JEFE`, `FECHA_RETIRO`, `HORARIO_TRABAJO`, `ID_USUARIO_CREO_EMPLEADO`, `FECHA_HORA_CREACION_EMPLEADO`) values('8','4','50','1','2','4','1','1','1','4','0008','Angel','Aroldo','Maga','Vasquez','1990-06-08','00000012','2008-06-03','00000000000008','0000008','00000008','2019-01-08','2019-01-08','600.00','correo@ues.com','correo@ues.com','UNIVERSITARIOS','13','0000-00-00','ADMINISTRATIVO','1','2020-03-28 00:00:00');
insert into `empleados` (`ID_EMPLEADO`, `ID_PUESTO`, `ID_PROFESION_OFICIO`, `ID_ESTADO_CIVIL`, `ID_GENERO`, `ID_SUB_SECCION`, `ID_TIPO_CONTRATACION`, `ID_AFP`, `ID_ESTADO`, `ID_MUNICIPIO`, `CODIGO_EMPLEADO`, `NOMBRE_PRIMERO`, `NOMBRE_SEGUNDO`, `APELLIDO_PATERNO`, `APELLIDO_MATERNO`, `FECHA_NACIMIENTO`, `NUMERO_DOCUMENTO`, `FECHA_EXPEDICION`, `NIT`, `NUP`, `NUMERO_ISSS`, `FECHA_INGRESO`, `FECHA_CONTRATACION`, `SALARIO`, `CORREO_ELECTRONICO_INSTITUCIONAL`, `CORREO_ELECTRONICO_PERSONAL`, `NIVEL_ESTUDIOS`, `ID_EMPLEADO_JEFE`, `FECHA_RETIRO`, `HORARIO_TRABAJO`, `ID_USUARIO_CREO_EMPLEADO`, `FECHA_HORA_CREACION_EMPLEADO`) values('9','5','50','1','2','5','1','1','1','5','0009','Anthony','Ernesto','Hern','Mor','1990-06-09','00000013','2008-06-04','00000000000009','0000009','00000009','2019-01-09','2019-01-09','700.00','correo@ues.com','correo@ues.com','UNIVERSITARIOS','14','0000-00-00','ADMINISTRATIVO','1','2020-03-29 00:00:00');
insert into `empleados` (`ID_EMPLEADO`, `ID_PUESTO`, `ID_PROFESION_OFICIO`, `ID_ESTADO_CIVIL`, `ID_GENERO`, `ID_SUB_SECCION`, `ID_TIPO_CONTRATACION`, `ID_AFP`, `ID_ESTADO`, `ID_MUNICIPIO`, `CODIGO_EMPLEADO`, `NOMBRE_PRIMERO`, `NOMBRE_SEGUNDO`, `APELLIDO_PATERNO`, `APELLIDO_MATERNO`, `FECHA_NACIMIENTO`, `NUMERO_DOCUMENTO`, `FECHA_EXPEDICION`, `NIT`, `NUP`, `NUMERO_ISSS`, `FECHA_INGRESO`, `FECHA_CONTRATACION`, `SALARIO`, `CORREO_ELECTRONICO_INSTITUCIONAL`, `CORREO_ELECTRONICO_PERSONAL`, `NIVEL_ESTUDIOS`, `ID_EMPLEADO_JEFE`, `FECHA_RETIRO`, `HORARIO_TRABAJO`, `ID_USUARIO_CREO_EMPLEADO`, `FECHA_HORA_CREACION_EMPLEADO`) values('10','6','50','1','2','6','1','1','3','6','0010','Arnoldo','Inocencio','Rivas','Molina','1990-06-10','00000014','2008-06-05','00000000000010','0000010','00000010','2019-01-10','2019-01-10','800.00','correo@ues.com','correo@ues.com','UNIVERSITARIOS','15','0000-00-00','ADMINISTRATIVO','1','2020-03-30 00:00:00');
insert into `empleados` (`ID_EMPLEADO`, `ID_PUESTO`, `ID_PROFESION_OFICIO`, `ID_ESTADO_CIVIL`, `ID_GENERO`, `ID_SUB_SECCION`, `ID_TIPO_CONTRATACION`, `ID_AFP`, `ID_ESTADO`, `ID_MUNICIPIO`, `CODIGO_EMPLEADO`, `NOMBRE_PRIMERO`, `NOMBRE_SEGUNDO`, `APELLIDO_PATERNO`, `APELLIDO_MATERNO`, `FECHA_NACIMIENTO`, `NUMERO_DOCUMENTO`, `FECHA_EXPEDICION`, `NIT`, `NUP`, `NUMERO_ISSS`, `FECHA_INGRESO`, `FECHA_CONTRATACION`, `SALARIO`, `CORREO_ELECTRONICO_INSTITUCIONAL`, `CORREO_ELECTRONICO_PERSONAL`, `NIVEL_ESTUDIOS`, `ID_EMPLEADO_JEFE`, `FECHA_RETIRO`, `HORARIO_TRABAJO`, `ID_USUARIO_CREO_EMPLEADO`, `FECHA_HORA_CREACION_EMPLEADO`) values('11','7','50','1','1','7','1','1','1','7','0011','Blanca','Roxana','Alvarado','Guardado','1990-06-11','00000015','2008-06-06','00000000000011','0000011','00000011','2019-01-11','2019-01-11','900.00','correo@ues.com','correo@ues.com','UNIVERSITARIOS','16','0000-00-00','ADMINISTRATIVO','1','2020-03-31 00:00:00');
insert into `empleados` (`ID_EMPLEADO`, `ID_PUESTO`, `ID_PROFESION_OFICIO`, `ID_ESTADO_CIVIL`, `ID_GENERO`, `ID_SUB_SECCION`, `ID_TIPO_CONTRATACION`, `ID_AFP`, `ID_ESTADO`, `ID_MUNICIPIO`, `CODIGO_EMPLEADO`, `NOMBRE_PRIMERO`, `NOMBRE_SEGUNDO`, `APELLIDO_PATERNO`, `APELLIDO_MATERNO`, `FECHA_NACIMIENTO`, `NUMERO_DOCUMENTO`, `FECHA_EXPEDICION`, `NIT`, `NUP`, `NUMERO_ISSS`, `FECHA_INGRESO`, `FECHA_CONTRATACION`, `SALARIO`, `CORREO_ELECTRONICO_INSTITUCIONAL`, `CORREO_ELECTRONICO_PERSONAL`, `NIVEL_ESTUDIOS`, `ID_EMPLEADO_JEFE`, `FECHA_RETIRO`, `HORARIO_TRABAJO`, `ID_USUARIO_CREO_EMPLEADO`, `FECHA_HORA_CREACION_EMPLEADO`) values('12','8','50','1','1','8','1','1','1','8','0012','Blanca','Veronica','Palacios','Perez','1990-06-12','00000016','2008-06-07','00000000000012','0000012','00000012','2019-01-12','2019-01-12','1000.00','correo@ues.com','correo@ues.com','UNIVERSITARIOS','17','0000-00-00','ADMINISTRATIVO','1','2020-04-01 00:00:00');
insert into `empleados` (`ID_EMPLEADO`, `ID_PUESTO`, `ID_PROFESION_OFICIO`, `ID_ESTADO_CIVIL`, `ID_GENERO`, `ID_SUB_SECCION`, `ID_TIPO_CONTRATACION`, `ID_AFP`, `ID_ESTADO`, `ID_MUNICIPIO`, `CODIGO_EMPLEADO`, `NOMBRE_PRIMERO`, `NOMBRE_SEGUNDO`, `APELLIDO_PATERNO`, `APELLIDO_MATERNO`, `FECHA_NACIMIENTO`, `NUMERO_DOCUMENTO`, `FECHA_EXPEDICION`, `NIT`, `NUP`, `NUMERO_ISSS`, `FECHA_INGRESO`, `FECHA_CONTRATACION`, `SALARIO`, `CORREO_ELECTRONICO_INSTITUCIONAL`, `CORREO_ELECTRONICO_PERSONAL`, `NIVEL_ESTUDIOS`, `ID_EMPLEADO_JEFE`, `FECHA_RETIRO`, `HORARIO_TRABAJO`, `ID_USUARIO_CREO_EMPLEADO`, `FECHA_HORA_CREACION_EMPLEADO`) values('13','9','50','1','2','9','1','1','1','9','0013','Brallan','Alexander','Sanchez','Rosales','1990-06-13','00000017','2008-06-08','00000000000013','0000013','00000013','2019-01-13','2019-01-13','975.00','correo@ues.com','correo@ues.com','UNIVERSITARIOS','18','0000-00-00','ADMINISTRATIVO','1','2020-04-02 00:00:00');
insert into `empleados` (`ID_EMPLEADO`, `ID_PUESTO`, `ID_PROFESION_OFICIO`, `ID_ESTADO_CIVIL`, `ID_GENERO`, `ID_SUB_SECCION`, `ID_TIPO_CONTRATACION`, `ID_AFP`, `ID_ESTADO`, `ID_MUNICIPIO`, `CODIGO_EMPLEADO`, `NOMBRE_PRIMERO`, `NOMBRE_SEGUNDO`, `APELLIDO_PATERNO`, `APELLIDO_MATERNO`, `FECHA_NACIMIENTO`, `NUMERO_DOCUMENTO`, `FECHA_EXPEDICION`, `NIT`, `NUP`, `NUMERO_ISSS`, `FECHA_INGRESO`, `FECHA_CONTRATACION`, `SALARIO`, `CORREO_ELECTRONICO_INSTITUCIONAL`, `CORREO_ELECTRONICO_PERSONAL`, `NIVEL_ESTUDIOS`, `ID_EMPLEADO_JEFE`, `FECHA_RETIRO`, `HORARIO_TRABAJO`, `ID_USUARIO_CREO_EMPLEADO`, `FECHA_HORA_CREACION_EMPLEADO`) values('14','10','50','1','1','10','1','1','1','10','0014','Brenda','Elizabeth','Galdamez','Sandoval','1990-06-14','00000018','2008-06-09','00000000000014','0000014','00000014','2019-01-14','2019-01-14','850.00','correo@ues.com','correo@ues.com','UNIVERSITARIOS','19','0000-00-00','ADMINISTRATIVO','1','2020-04-03 00:00:00');
insert into `empleados` (`ID_EMPLEADO`, `ID_PUESTO`, `ID_PROFESION_OFICIO`, `ID_ESTADO_CIVIL`, `ID_GENERO`, `ID_SUB_SECCION`, `ID_TIPO_CONTRATACION`, `ID_AFP`, `ID_ESTADO`, `ID_MUNICIPIO`, `CODIGO_EMPLEADO`, `NOMBRE_PRIMERO`, `NOMBRE_SEGUNDO`, `APELLIDO_PATERNO`, `APELLIDO_MATERNO`, `FECHA_NACIMIENTO`, `NUMERO_DOCUMENTO`, `FECHA_EXPEDICION`, `NIT`, `NUP`, `NUMERO_ISSS`, `FECHA_INGRESO`, `FECHA_CONTRATACION`, `SALARIO`, `CORREO_ELECTRONICO_INSTITUCIONAL`, `CORREO_ELECTRONICO_PERSONAL`, `NIVEL_ESTUDIOS`, `ID_EMPLEADO_JEFE`, `FECHA_RETIRO`, `HORARIO_TRABAJO`, `ID_USUARIO_CREO_EMPLEADO`, `FECHA_HORA_CREACION_EMPLEADO`) values('15','11','50','1','2','11','1','1','3','11','0015','Carlos','Alfredo','Moto','Herrera','1990-06-15','00000019','2008-06-10','00000000000015','0000015','00000015','2019-01-15','2019-01-15','725.00','correo@ues.com','correo@ues.com','UNIVERSITARIOS','20','0000-00-00','ADMINISTRATIVO','1','2020-04-04 00:00:00');
insert into `empleados` (`ID_EMPLEADO`, `ID_PUESTO`, `ID_PROFESION_OFICIO`, `ID_ESTADO_CIVIL`, `ID_GENERO`, `ID_SUB_SECCION`, `ID_TIPO_CONTRATACION`, `ID_AFP`, `ID_ESTADO`, `ID_MUNICIPIO`, `CODIGO_EMPLEADO`, `NOMBRE_PRIMERO`, `NOMBRE_SEGUNDO`, `APELLIDO_PATERNO`, `APELLIDO_MATERNO`, `FECHA_NACIMIENTO`, `NUMERO_DOCUMENTO`, `FECHA_EXPEDICION`, `NIT`, `NUP`, `NUMERO_ISSS`, `FECHA_INGRESO`, `FECHA_CONTRATACION`, `SALARIO`, `CORREO_ELECTRONICO_INSTITUCIONAL`, `CORREO_ELECTRONICO_PERSONAL`, `NIVEL_ESTUDIOS`, `ID_EMPLEADO_JEFE`, `FECHA_RETIRO`, `HORARIO_TRABAJO`, `ID_USUARIO_CREO_EMPLEADO`, `FECHA_HORA_CREACION_EMPLEADO`) values('16','12','50','1','2','12','1','1','3','12','0016','Carlos','Antonio','Cativo','Argueta','1990-06-16','00000020','2008-06-11','00000000000016','0000016','00000016','2019-01-16','2019-01-16','615.00','correo@ues.com','correo@ues.com','UNIVERSITARIOS','21','0000-00-00','ADMINISTRATIVO','1','2020-04-05 00:00:00');
insert into `empleados` (`ID_EMPLEADO`, `ID_PUESTO`, `ID_PROFESION_OFICIO`, `ID_ESTADO_CIVIL`, `ID_GENERO`, `ID_SUB_SECCION`, `ID_TIPO_CONTRATACION`, `ID_AFP`, `ID_ESTADO`, `ID_MUNICIPIO`, `CODIGO_EMPLEADO`, `NOMBRE_PRIMERO`, `NOMBRE_SEGUNDO`, `APELLIDO_PATERNO`, `APELLIDO_MATERNO`, `FECHA_NACIMIENTO`, `NUMERO_DOCUMENTO`, `FECHA_EXPEDICION`, `NIT`, `NUP`, `NUMERO_ISSS`, `FECHA_INGRESO`, `FECHA_CONTRATACION`, `SALARIO`, `CORREO_ELECTRONICO_INSTITUCIONAL`, `CORREO_ELECTRONICO_PERSONAL`, `NIVEL_ESTUDIOS`, `ID_EMPLEADO_JEFE`, `FECHA_RETIRO`, `HORARIO_TRABAJO`, `ID_USUARIO_CREO_EMPLEADO`, `FECHA_HORA_CREACION_EMPLEADO`) values('17','13','50','1','2','13','1','1','1','13','0017','Carlos','Dalton','D','Mej','1990-06-17','00000021','2008-06-12','00000000000017','0000017','00000017','2019-01-17','2019-01-17','540.00','correo@ues.com','correo@ues.com','UNIVERSITARIOS','22','0000-00-00','ADMINISTRATIVO','1','2020-04-06 00:00:00');
insert into `empleados` (`ID_EMPLEADO`, `ID_PUESTO`, `ID_PROFESION_OFICIO`, `ID_ESTADO_CIVIL`, `ID_GENERO`, `ID_SUB_SECCION`, `ID_TIPO_CONTRATACION`, `ID_AFP`, `ID_ESTADO`, `ID_MUNICIPIO`, `CODIGO_EMPLEADO`, `NOMBRE_PRIMERO`, `NOMBRE_SEGUNDO`, `APELLIDO_PATERNO`, `APELLIDO_MATERNO`, `FECHA_NACIMIENTO`, `NUMERO_DOCUMENTO`, `FECHA_EXPEDICION`, `NIT`, `NUP`, `NUMERO_ISSS`, `FECHA_INGRESO`, `FECHA_CONTRATACION`, `SALARIO`, `CORREO_ELECTRONICO_INSTITUCIONAL`, `CORREO_ELECTRONICO_PERSONAL`, `NIVEL_ESTUDIOS`, `ID_EMPLEADO_JEFE`, `FECHA_RETIRO`, `HORARIO_TRABAJO`, `ID_USUARIO_CREO_EMPLEADO`, `FECHA_HORA_CREACION_EMPLEADO`) values('18','14','50','1','2','14','1','1','1','14','0018','Carlos','Mois','Segovia','Guatemala','1990-06-18','00000022','2008-06-13','00000000000018','0000018','00000018','2019-01-18','2019-01-18','435.00','correo@ues.com','correo@ues.com','UNIVERSITARIOS','23','0000-00-00','ADMINISTRATIVO','1','2020-04-07 00:00:00');
insert into `empleados` (`ID_EMPLEADO`, `ID_PUESTO`, `ID_PROFESION_OFICIO`, `ID_ESTADO_CIVIL`, `ID_GENERO`, `ID_SUB_SECCION`, `ID_TIPO_CONTRATACION`, `ID_AFP`, `ID_ESTADO`, `ID_MUNICIPIO`, `CODIGO_EMPLEADO`, `NOMBRE_PRIMERO`, `NOMBRE_SEGUNDO`, `APELLIDO_PATERNO`, `APELLIDO_MATERNO`, `FECHA_NACIMIENTO`, `NUMERO_DOCUMENTO`, `FECHA_EXPEDICION`, `NIT`, `NUP`, `NUMERO_ISSS`, `FECHA_INGRESO`, `FECHA_CONTRATACION`, `SALARIO`, `CORREO_ELECTRONICO_INSTITUCIONAL`, `CORREO_ELECTRONICO_PERSONAL`, `NIVEL_ESTUDIOS`, `ID_EMPLEADO_JEFE`, `FECHA_RETIRO`, `HORARIO_TRABAJO`, `ID_USUARIO_CREO_EMPLEADO`, `FECHA_HORA_CREACION_EMPLEADO`) values('19','15','50','1','2','15','1','1','1','15','0019','Carlos','Ren','Mart','Rivera','1990-06-19','00000023','2008-06-14','00000000000019','0000019','00000019','2019-01-19','2019-01-19','385.00','correo@ues.com','correo@ues.com','UNIVERSITARIOS','24','0000-00-00','ADMINISTRATIVO','1','2020-04-08 00:00:00');
insert into `empleados` (`ID_EMPLEADO`, `ID_PUESTO`, `ID_PROFESION_OFICIO`, `ID_ESTADO_CIVIL`, `ID_GENERO`, `ID_SUB_SECCION`, `ID_TIPO_CONTRATACION`, `ID_AFP`, `ID_ESTADO`, `ID_MUNICIPIO`, `CODIGO_EMPLEADO`, `NOMBRE_PRIMERO`, `NOMBRE_SEGUNDO`, `APELLIDO_PATERNO`, `APELLIDO_MATERNO`, `FECHA_NACIMIENTO`, `NUMERO_DOCUMENTO`, `FECHA_EXPEDICION`, `NIT`, `NUP`, `NUMERO_ISSS`, `FECHA_INGRESO`, `FECHA_CONTRATACION`, `SALARIO`, `CORREO_ELECTRONICO_INSTITUCIONAL`, `CORREO_ELECTRONICO_PERSONAL`, `NIVEL_ESTUDIOS`, `ID_EMPLEADO_JEFE`, `FECHA_RETIRO`, `HORARIO_TRABAJO`, `ID_USUARIO_CREO_EMPLEADO`, `FECHA_HORA_CREACION_EMPLEADO`) values('20','16','50','1','2','16','1','1','1','16','0020','Cesar','Augusto','Gonzalez','Rodriguez','1990-06-20','00000024','2008-06-15','00000000000020','0000020','00000020','2019-01-20','2019-01-20','300.00','correo@ues.com','correo@ues.com','UNIVERSITARIOS','25','0000-00-00','ADMINISTRATIVO','1','2020-04-09 00:00:00');
insert into `empleados` (`ID_EMPLEADO`, `ID_PUESTO`, `ID_PROFESION_OFICIO`, `ID_ESTADO_CIVIL`, `ID_GENERO`, `ID_SUB_SECCION`, `ID_TIPO_CONTRATACION`, `ID_AFP`, `ID_ESTADO`, `ID_MUNICIPIO`, `CODIGO_EMPLEADO`, `NOMBRE_PRIMERO`, `NOMBRE_SEGUNDO`, `APELLIDO_PATERNO`, `APELLIDO_MATERNO`, `FECHA_NACIMIENTO`, `NUMERO_DOCUMENTO`, `FECHA_EXPEDICION`, `NIT`, `NUP`, `NUMERO_ISSS`, `FECHA_INGRESO`, `FECHA_CONTRATACION`, `SALARIO`, `CORREO_ELECTRONICO_INSTITUCIONAL`, `CORREO_ELECTRONICO_PERSONAL`, `NIVEL_ESTUDIOS`, `ID_EMPLEADO_JEFE`, `FECHA_RETIRO`, `HORARIO_TRABAJO`, `ID_USUARIO_CREO_EMPLEADO`, `FECHA_HORA_CREACION_EMPLEADO`) values('21','17','50','1','2','17','1','1','3','17','0021','Christian','Alexis','P','Fuentes','1990-06-21','00000025','2008-06-16','00000000000021','0000021','00000021','2019-01-21','2019-01-21','400.00','correo@ues.com','correo@ues.com','UNIVERSITARIOS','26','0000-00-00','ADMINISTRATIVO','1','2020-04-10 00:00:00');
insert into `empleados` (`ID_EMPLEADO`, `ID_PUESTO`, `ID_PROFESION_OFICIO`, `ID_ESTADO_CIVIL`, `ID_GENERO`, `ID_SUB_SECCION`, `ID_TIPO_CONTRATACION`, `ID_AFP`, `ID_ESTADO`, `ID_MUNICIPIO`, `CODIGO_EMPLEADO`, `NOMBRE_PRIMERO`, `NOMBRE_SEGUNDO`, `APELLIDO_PATERNO`, `APELLIDO_MATERNO`, `FECHA_NACIMIENTO`, `NUMERO_DOCUMENTO`, `FECHA_EXPEDICION`, `NIT`, `NUP`, `NUMERO_ISSS`, `FECHA_INGRESO`, `FECHA_CONTRATACION`, `SALARIO`, `CORREO_ELECTRONICO_INSTITUCIONAL`, `CORREO_ELECTRONICO_PERSONAL`, `NIVEL_ESTUDIOS`, `ID_EMPLEADO_JEFE`, `FECHA_RETIRO`, `HORARIO_TRABAJO`, `ID_USUARIO_CREO_EMPLEADO`, `FECHA_HORA_CREACION_EMPLEADO`) values('22','18','50','1','2','18','1','1','1','18','0022','Cristian','Alejandro','Osegueda','Aguilar','1990-06-22','00000026','2008-06-17','00000000000022','0000022','00000022','2019-01-22','2019-01-22','500.00','correo@ues.com','correo@ues.com','UNIVERSITARIOS','27','0000-00-00','ADMINISTRATIVO','1','2020-04-11 00:00:00');
insert into `empleados` (`ID_EMPLEADO`, `ID_PUESTO`, `ID_PROFESION_OFICIO`, `ID_ESTADO_CIVIL`, `ID_GENERO`, `ID_SUB_SECCION`, `ID_TIPO_CONTRATACION`, `ID_AFP`, `ID_ESTADO`, `ID_MUNICIPIO`, `CODIGO_EMPLEADO`, `NOMBRE_PRIMERO`, `NOMBRE_SEGUNDO`, `APELLIDO_PATERNO`, `APELLIDO_MATERNO`, `FECHA_NACIMIENTO`, `NUMERO_DOCUMENTO`, `FECHA_EXPEDICION`, `NIT`, `NUP`, `NUMERO_ISSS`, `FECHA_INGRESO`, `FECHA_CONTRATACION`, `SALARIO`, `CORREO_ELECTRONICO_INSTITUCIONAL`, `CORREO_ELECTRONICO_PERSONAL`, `NIVEL_ESTUDIOS`, `ID_EMPLEADO_JEFE`, `FECHA_RETIRO`, `HORARIO_TRABAJO`, `ID_USUARIO_CREO_EMPLEADO`, `FECHA_HORA_CREACION_EMPLEADO`) values('23','19','50','1','2','19','1','1','3','19','0023','Cristian','Ariel','Zelaya','Tejada','1990-06-23','00000027','2008-06-18','00000000000023','0000023','00000023','2019-01-23','2019-01-23','600.00','correo@ues.com','correo@ues.com','UNIVERSITARIOS','1','0000-00-00','ADMINISTRATIVO','1','2020-04-12 00:00:00');
insert into `empleados` (`ID_EMPLEADO`, `ID_PUESTO`, `ID_PROFESION_OFICIO`, `ID_ESTADO_CIVIL`, `ID_GENERO`, `ID_SUB_SECCION`, `ID_TIPO_CONTRATACION`, `ID_AFP`, `ID_ESTADO`, `ID_MUNICIPIO`, `CODIGO_EMPLEADO`, `NOMBRE_PRIMERO`, `NOMBRE_SEGUNDO`, `APELLIDO_PATERNO`, `APELLIDO_MATERNO`, `FECHA_NACIMIENTO`, `NUMERO_DOCUMENTO`, `FECHA_EXPEDICION`, `NIT`, `NUP`, `NUMERO_ISSS`, `FECHA_INGRESO`, `FECHA_CONTRATACION`, `SALARIO`, `CORREO_ELECTRONICO_INSTITUCIONAL`, `CORREO_ELECTRONICO_PERSONAL`, `NIVEL_ESTUDIOS`, `ID_EMPLEADO_JEFE`, `FECHA_RETIRO`, `HORARIO_TRABAJO`, `ID_USUARIO_CREO_EMPLEADO`, `FECHA_HORA_CREACION_EMPLEADO`) values('24','20','50','1','2','20','1','1','1','20','0024','Cristian','Rene','Castillo','Menjivar','1990-06-24','00000028','2008-06-19','00000000000024','0000024','00000024','2019-01-24','2019-01-24','700.00','correo@ues.com','correo@ues.com','UNIVERSITARIOS','2','0000-00-00','ADMINISTRATIVO','1','2020-04-13 00:00:00');
insert into `empleados` (`ID_EMPLEADO`, `ID_PUESTO`, `ID_PROFESION_OFICIO`, `ID_ESTADO_CIVIL`, `ID_GENERO`, `ID_SUB_SECCION`, `ID_TIPO_CONTRATACION`, `ID_AFP`, `ID_ESTADO`, `ID_MUNICIPIO`, `CODIGO_EMPLEADO`, `NOMBRE_PRIMERO`, `NOMBRE_SEGUNDO`, `APELLIDO_PATERNO`, `APELLIDO_MATERNO`, `FECHA_NACIMIENTO`, `NUMERO_DOCUMENTO`, `FECHA_EXPEDICION`, `NIT`, `NUP`, `NUMERO_ISSS`, `FECHA_INGRESO`, `FECHA_CONTRATACION`, `SALARIO`, `CORREO_ELECTRONICO_INSTITUCIONAL`, `CORREO_ELECTRONICO_PERSONAL`, `NIVEL_ESTUDIOS`, `ID_EMPLEADO_JEFE`, `FECHA_RETIRO`, `HORARIO_TRABAJO`, `ID_USUARIO_CREO_EMPLEADO`, `FECHA_HORA_CREACION_EMPLEADO`) values('25','21','50','1','2','21','1','1','1','21','0025','David','Josu','Alvarado','Hern','1990-06-25','00000029','2008-06-20','00000000000025','0000025','00000025','2019-01-25','2019-01-25','800.00','correo@ues.com','correo@ues.com','UNIVERSITARIOS','3','0000-00-00','ADMINISTRATIVO','1','2020-04-14 00:00:00');
insert into `empleados` (`ID_EMPLEADO`, `ID_PUESTO`, `ID_PROFESION_OFICIO`, `ID_ESTADO_CIVIL`, `ID_GENERO`, `ID_SUB_SECCION`, `ID_TIPO_CONTRATACION`, `ID_AFP`, `ID_ESTADO`, `ID_MUNICIPIO`, `CODIGO_EMPLEADO`, `NOMBRE_PRIMERO`, `NOMBRE_SEGUNDO`, `APELLIDO_PATERNO`, `APELLIDO_MATERNO`, `FECHA_NACIMIENTO`, `NUMERO_DOCUMENTO`, `FECHA_EXPEDICION`, `NIT`, `NUP`, `NUMERO_ISSS`, `FECHA_INGRESO`, `FECHA_CONTRATACION`, `SALARIO`, `CORREO_ELECTRONICO_INSTITUCIONAL`, `CORREO_ELECTRONICO_PERSONAL`, `NIVEL_ESTUDIOS`, `ID_EMPLEADO_JEFE`, `FECHA_RETIRO`, `HORARIO_TRABAJO`, `ID_USUARIO_CREO_EMPLEADO`, `FECHA_HORA_CREACION_EMPLEADO`) values('26','22','50','1','2','22','1','1','1','22','0026','David','Mauricio','Romero','Rivas','1990-06-26','00000030','2008-06-21','00000000000026','0000026','00000026','2019-01-26','2019-01-26','900.00','correo@ues.com','correo@ues.com','UNIVERSITARIOS','4','0000-00-00','ADMINISTRATIVO','1','2020-04-15 00:00:00');
insert into `empleados` (`ID_EMPLEADO`, `ID_PUESTO`, `ID_PROFESION_OFICIO`, `ID_ESTADO_CIVIL`, `ID_GENERO`, `ID_SUB_SECCION`, `ID_TIPO_CONTRATACION`, `ID_AFP`, `ID_ESTADO`, `ID_MUNICIPIO`, `CODIGO_EMPLEADO`, `NOMBRE_PRIMERO`, `NOMBRE_SEGUNDO`, `APELLIDO_PATERNO`, `APELLIDO_MATERNO`, `FECHA_NACIMIENTO`, `NUMERO_DOCUMENTO`, `FECHA_EXPEDICION`, `NIT`, `NUP`, `NUMERO_ISSS`, `FECHA_INGRESO`, `FECHA_CONTRATACION`, `SALARIO`, `CORREO_ELECTRONICO_INSTITUCIONAL`, `CORREO_ELECTRONICO_PERSONAL`, `NIVEL_ESTUDIOS`, `ID_EMPLEADO_JEFE`, `FECHA_RETIRO`, `HORARIO_TRABAJO`, `ID_USUARIO_CREO_EMPLEADO`, `FECHA_HORA_CREACION_EMPLEADO`) values('27','23','50','2','1','23','1','1','1','23','0027','Diana','Patricia','Molina','Alfaro','1990-06-27','00000031','2008-06-22','00000000000027','0000027','00000027','2019-01-27','2019-01-27','1000.00','correo@ues.com','correo@ues.com','UNIVERSITARIOS','5','0000-00-00','ADMINISTRATIVO','1','2020-04-16 00:00:00');
insert into `empleados` (`ID_EMPLEADO`, `ID_PUESTO`, `ID_PROFESION_OFICIO`, `ID_ESTADO_CIVIL`, `ID_GENERO`, `ID_SUB_SECCION`, `ID_TIPO_CONTRATACION`, `ID_AFP`, `ID_ESTADO`, `ID_MUNICIPIO`, `CODIGO_EMPLEADO`, `NOMBRE_PRIMERO`, `NOMBRE_SEGUNDO`, `APELLIDO_PATERNO`, `APELLIDO_MATERNO`, `FECHA_NACIMIENTO`, `NUMERO_DOCUMENTO`, `FECHA_EXPEDICION`, `NIT`, `NUP`, `NUMERO_ISSS`, `FECHA_INGRESO`, `FECHA_CONTRATACION`, `SALARIO`, `CORREO_ELECTRONICO_INSTITUCIONAL`, `CORREO_ELECTRONICO_PERSONAL`, `NIVEL_ESTUDIOS`, `ID_EMPLEADO_JEFE`, `FECHA_RETIRO`, `HORARIO_TRABAJO`, `ID_USUARIO_CREO_EMPLEADO`, `FECHA_HORA_CREACION_EMPLEADO`) values('28','24','50','2','1','24','1','1','1','24','0028','Dina','Sof','Mart','Interiano','1990-06-28','00000032','2008-06-23','00000000000028','0000028','00000028','2019-01-28','2019-01-28','975.00','correo@ues.com','correo@ues.com','UNIVERSITARIOS','10','0000-00-00','ADMINISTRATIVO','1','2020-04-17 00:00:00');
insert into `empleados` (`ID_EMPLEADO`, `ID_PUESTO`, `ID_PROFESION_OFICIO`, `ID_ESTADO_CIVIL`, `ID_GENERO`, `ID_SUB_SECCION`, `ID_TIPO_CONTRATACION`, `ID_AFP`, `ID_ESTADO`, `ID_MUNICIPIO`, `CODIGO_EMPLEADO`, `NOMBRE_PRIMERO`, `NOMBRE_SEGUNDO`, `APELLIDO_PATERNO`, `APELLIDO_MATERNO`, `FECHA_NACIMIENTO`, `NUMERO_DOCUMENTO`, `FECHA_EXPEDICION`, `NIT`, `NUP`, `NUMERO_ISSS`, `FECHA_INGRESO`, `FECHA_CONTRATACION`, `SALARIO`, `CORREO_ELECTRONICO_INSTITUCIONAL`, `CORREO_ELECTRONICO_PERSONAL`, `NIVEL_ESTUDIOS`, `ID_EMPLEADO_JEFE`, `FECHA_RETIRO`, `HORARIO_TRABAJO`, `ID_USUARIO_CREO_EMPLEADO`, `FECHA_HORA_CREACION_EMPLEADO`) values('29','25','50','2','2','25','1','1','1','25','0029','Edwin','Enrique','Dimas','Valle','1990-06-29','00000033','2008-06-24','00000000000029','0000029','00000029','2019-01-29','2019-01-29','850.00','correo@ues.com','correo@ues.com','UNIVERSITARIOS','11','0000-00-00','ADMINISTRATIVO','1','2020-04-18 00:00:00');
insert into `empleados` (`ID_EMPLEADO`, `ID_PUESTO`, `ID_PROFESION_OFICIO`, `ID_ESTADO_CIVIL`, `ID_GENERO`, `ID_SUB_SECCION`, `ID_TIPO_CONTRATACION`, `ID_AFP`, `ID_ESTADO`, `ID_MUNICIPIO`, `CODIGO_EMPLEADO`, `NOMBRE_PRIMERO`, `NOMBRE_SEGUNDO`, `APELLIDO_PATERNO`, `APELLIDO_MATERNO`, `FECHA_NACIMIENTO`, `NUMERO_DOCUMENTO`, `FECHA_EXPEDICION`, `NIT`, `NUP`, `NUMERO_ISSS`, `FECHA_INGRESO`, `FECHA_CONTRATACION`, `SALARIO`, `CORREO_ELECTRONICO_INSTITUCIONAL`, `CORREO_ELECTRONICO_PERSONAL`, `NIVEL_ESTUDIOS`, `ID_EMPLEADO_JEFE`, `FECHA_RETIRO`, `HORARIO_TRABAJO`, `ID_USUARIO_CREO_EMPLEADO`, `FECHA_HORA_CREACION_EMPLEADO`) values('30','26','50','2','2','26','1','1','1','26','0030','Edwin','Esau','Henriquez','Henriquez','1990-06-30','00000034','2008-06-25','00000000000030','0000030','00000030','2019-01-30','2019-01-30','725.00','correo@ues.com','correo@ues.com','UNIVERSITARIOS','12','0000-00-00','ADMINISTRATIVO','1','2020-04-19 00:00:00');
insert into `empleados` (`ID_EMPLEADO`, `ID_PUESTO`, `ID_PROFESION_OFICIO`, `ID_ESTADO_CIVIL`, `ID_GENERO`, `ID_SUB_SECCION`, `ID_TIPO_CONTRATACION`, `ID_AFP`, `ID_ESTADO`, `ID_MUNICIPIO`, `CODIGO_EMPLEADO`, `NOMBRE_PRIMERO`, `NOMBRE_SEGUNDO`, `APELLIDO_PATERNO`, `APELLIDO_MATERNO`, `FECHA_NACIMIENTO`, `NUMERO_DOCUMENTO`, `FECHA_EXPEDICION`, `NIT`, `NUP`, `NUMERO_ISSS`, `FECHA_INGRESO`, `FECHA_CONTRATACION`, `SALARIO`, `CORREO_ELECTRONICO_INSTITUCIONAL`, `CORREO_ELECTRONICO_PERSONAL`, `NIVEL_ESTUDIOS`, `ID_EMPLEADO_JEFE`, `FECHA_RETIRO`, `HORARIO_TRABAJO`, `ID_USUARIO_CREO_EMPLEADO`, `FECHA_HORA_CREACION_EMPLEADO`) values('31','27','50','2','2','27','1','1','3','27','0031','Edwin','Joel','Amaya','Palacios','1990-07-01','00000035','2008-06-26','00000000000031','0000031','00000031','2019-01-31','2019-01-31','615.00','correo@ues.com','correo@ues.com','UNIVERSITARIOS','13','0000-00-00','ADMINISTRATIVO','1','2020-04-20 00:00:00');
insert into `empleados` (`ID_EMPLEADO`, `ID_PUESTO`, `ID_PROFESION_OFICIO`, `ID_ESTADO_CIVIL`, `ID_GENERO`, `ID_SUB_SECCION`, `ID_TIPO_CONTRATACION`, `ID_AFP`, `ID_ESTADO`, `ID_MUNICIPIO`, `CODIGO_EMPLEADO`, `NOMBRE_PRIMERO`, `NOMBRE_SEGUNDO`, `APELLIDO_PATERNO`, `APELLIDO_MATERNO`, `FECHA_NACIMIENTO`, `NUMERO_DOCUMENTO`, `FECHA_EXPEDICION`, `NIT`, `NUP`, `NUMERO_ISSS`, `FECHA_INGRESO`, `FECHA_CONTRATACION`, `SALARIO`, `CORREO_ELECTRONICO_INSTITUCIONAL`, `CORREO_ELECTRONICO_PERSONAL`, `NIVEL_ESTUDIOS`, `ID_EMPLEADO_JEFE`, `FECHA_RETIRO`, `HORARIO_TRABAJO`, `ID_USUARIO_CREO_EMPLEADO`, `FECHA_HORA_CREACION_EMPLEADO`) values('32','1','50','2','2','28','1','1','3','28','0032','Edwin','Jos','Molina','Alem','1990-07-02','00000036','2008-06-27','00000000000032','0000032','00000032','2019-02-01','2019-02-01','540.00','correo@ues.com','correo@ues.com','UNIVERSITARIOS','14','0000-00-00','ADMINISTRATIVO','1','2020-04-21 00:00:00');
insert into `empleados` (`ID_EMPLEADO`, `ID_PUESTO`, `ID_PROFESION_OFICIO`, `ID_ESTADO_CIVIL`, `ID_GENERO`, `ID_SUB_SECCION`, `ID_TIPO_CONTRATACION`, `ID_AFP`, `ID_ESTADO`, `ID_MUNICIPIO`, `CODIGO_EMPLEADO`, `NOMBRE_PRIMERO`, `NOMBRE_SEGUNDO`, `APELLIDO_PATERNO`, `APELLIDO_MATERNO`, `FECHA_NACIMIENTO`, `NUMERO_DOCUMENTO`, `FECHA_EXPEDICION`, `NIT`, `NUP`, `NUMERO_ISSS`, `FECHA_INGRESO`, `FECHA_CONTRATACION`, `SALARIO`, `CORREO_ELECTRONICO_INSTITUCIONAL`, `CORREO_ELECTRONICO_PERSONAL`, `NIVEL_ESTUDIOS`, `ID_EMPLEADO_JEFE`, `FECHA_RETIRO`, `HORARIO_TRABAJO`, `ID_USUARIO_CREO_EMPLEADO`, `FECHA_HORA_CREACION_EMPLEADO`) values('33','2','50','2','2','29','1','1','1','29','0033','Edwin','Otoniel','Guzm','Melara','1990-07-03','00000037','2008-06-28','00000000000033','0000033','00000033','2019-02-02','2019-02-02','435.00','correo@ues.com','correo@ues.com','UNIVERSITARIOS','15','0000-00-00','ADMINISTRATIVO','1','2020-04-22 00:00:00');
insert into `empleados` (`ID_EMPLEADO`, `ID_PUESTO`, `ID_PROFESION_OFICIO`, `ID_ESTADO_CIVIL`, `ID_GENERO`, `ID_SUB_SECCION`, `ID_TIPO_CONTRATACION`, `ID_AFP`, `ID_ESTADO`, `ID_MUNICIPIO`, `CODIGO_EMPLEADO`, `NOMBRE_PRIMERO`, `NOMBRE_SEGUNDO`, `APELLIDO_PATERNO`, `APELLIDO_MATERNO`, `FECHA_NACIMIENTO`, `NUMERO_DOCUMENTO`, `FECHA_EXPEDICION`, `NIT`, `NUP`, `NUMERO_ISSS`, `FECHA_INGRESO`, `FECHA_CONTRATACION`, `SALARIO`, `CORREO_ELECTRONICO_INSTITUCIONAL`, `CORREO_ELECTRONICO_PERSONAL`, `NIVEL_ESTUDIOS`, `ID_EMPLEADO_JEFE`, `FECHA_RETIRO`, `HORARIO_TRABAJO`, `ID_USUARIO_CREO_EMPLEADO`, `FECHA_HORA_CREACION_EMPLEADO`) values('34','3','50','2','2','30','1','1','1','30','0034','Eliezer','Otoniel','Navarro','Santiago','1990-07-04','00000038','2008-06-29','00000000000034','0000034','00000034','2019-02-03','2019-02-03','385.00','correo@ues.com','correo@ues.com','UNIVERSITARIOS','16','0000-00-00','ADMINISTRATIVO','1','2020-04-23 00:00:00');
insert into `empleados` (`ID_EMPLEADO`, `ID_PUESTO`, `ID_PROFESION_OFICIO`, `ID_ESTADO_CIVIL`, `ID_GENERO`, `ID_SUB_SECCION`, `ID_TIPO_CONTRATACION`, `ID_AFP`, `ID_ESTADO`, `ID_MUNICIPIO`, `CODIGO_EMPLEADO`, `NOMBRE_PRIMERO`, `NOMBRE_SEGUNDO`, `APELLIDO_PATERNO`, `APELLIDO_MATERNO`, `FECHA_NACIMIENTO`, `NUMERO_DOCUMENTO`, `FECHA_EXPEDICION`, `NIT`, `NUP`, `NUMERO_ISSS`, `FECHA_INGRESO`, `FECHA_CONTRATACION`, `SALARIO`, `CORREO_ELECTRONICO_INSTITUCIONAL`, `CORREO_ELECTRONICO_PERSONAL`, `NIVEL_ESTUDIOS`, `ID_EMPLEADO_JEFE`, `FECHA_RETIRO`, `HORARIO_TRABAJO`, `ID_USUARIO_CREO_EMPLEADO`, `FECHA_HORA_CREACION_EMPLEADO`) values('35','4','50','2','2','31','1','1','1','31','0035','Elmer','Arturo','Carballo','Ruiz','1990-07-05','00000039','2008-06-30','00000000000035','0000035','00000035','2019-02-04','2019-02-04','300.00','correo@ues.com','correo@ues.com','UNIVERSITARIOS','17','0000-00-00','ADMINISTRATIVO','1','2020-04-24 00:00:00');
insert into `empleados` (`ID_EMPLEADO`, `ID_PUESTO`, `ID_PROFESION_OFICIO`, `ID_ESTADO_CIVIL`, `ID_GENERO`, `ID_SUB_SECCION`, `ID_TIPO_CONTRATACION`, `ID_AFP`, `ID_ESTADO`, `ID_MUNICIPIO`, `CODIGO_EMPLEADO`, `NOMBRE_PRIMERO`, `NOMBRE_SEGUNDO`, `APELLIDO_PATERNO`, `APELLIDO_MATERNO`, `FECHA_NACIMIENTO`, `NUMERO_DOCUMENTO`, `FECHA_EXPEDICION`, `NIT`, `NUP`, `NUMERO_ISSS`, `FECHA_INGRESO`, `FECHA_CONTRATACION`, `SALARIO`, `CORREO_ELECTRONICO_INSTITUCIONAL`, `CORREO_ELECTRONICO_PERSONAL`, `NIVEL_ESTUDIOS`, `ID_EMPLEADO_JEFE`, `FECHA_RETIRO`, `HORARIO_TRABAJO`, `ID_USUARIO_CREO_EMPLEADO`, `FECHA_HORA_CREACION_EMPLEADO`) values('36','5','50','2','2','32','1','1','3','32','0036','Erick','Antonio','Ventura','Hurtado','1990-07-06','00000040','2008-07-01','00000000000036','0000036','00000036','2019-02-05','2019-02-05','400.00','correo@ues.com','correo@ues.com','UNIVERSITARIOS','18','0000-00-00','ADMINISTRATIVO','1','2020-04-25 00:00:00');
insert into `empleados` (`ID_EMPLEADO`, `ID_PUESTO`, `ID_PROFESION_OFICIO`, `ID_ESTADO_CIVIL`, `ID_GENERO`, `ID_SUB_SECCION`, `ID_TIPO_CONTRATACION`, `ID_AFP`, `ID_ESTADO`, `ID_MUNICIPIO`, `CODIGO_EMPLEADO`, `NOMBRE_PRIMERO`, `NOMBRE_SEGUNDO`, `APELLIDO_PATERNO`, `APELLIDO_MATERNO`, `FECHA_NACIMIENTO`, `NUMERO_DOCUMENTO`, `FECHA_EXPEDICION`, `NIT`, `NUP`, `NUMERO_ISSS`, `FECHA_INGRESO`, `FECHA_CONTRATACION`, `SALARIO`, `CORREO_ELECTRONICO_INSTITUCIONAL`, `CORREO_ELECTRONICO_PERSONAL`, `NIVEL_ESTUDIOS`, `ID_EMPLEADO_JEFE`, `FECHA_RETIRO`, `HORARIO_TRABAJO`, `ID_USUARIO_CREO_EMPLEADO`, `FECHA_HORA_CREACION_EMPLEADO`) values('37','6','50','2','1','33','1','1','1','33','0037','F','Briseth','Guevara','Rodr','1990-07-07','00000041','2008-07-02','00000000000037','0000037','00000037','2019-02-06','2019-02-06','500.00','correo@ues.com','correo@ues.com','UNIVERSITARIOS','19','0000-00-00','ADMINISTRATIVO','1','2020-04-26 00:00:00');
insert into `empleados` (`ID_EMPLEADO`, `ID_PUESTO`, `ID_PROFESION_OFICIO`, `ID_ESTADO_CIVIL`, `ID_GENERO`, `ID_SUB_SECCION`, `ID_TIPO_CONTRATACION`, `ID_AFP`, `ID_ESTADO`, `ID_MUNICIPIO`, `CODIGO_EMPLEADO`, `NOMBRE_PRIMERO`, `NOMBRE_SEGUNDO`, `APELLIDO_PATERNO`, `APELLIDO_MATERNO`, `FECHA_NACIMIENTO`, `NUMERO_DOCUMENTO`, `FECHA_EXPEDICION`, `NIT`, `NUP`, `NUMERO_ISSS`, `FECHA_INGRESO`, `FECHA_CONTRATACION`, `SALARIO`, `CORREO_ELECTRONICO_INSTITUCIONAL`, `CORREO_ELECTRONICO_PERSONAL`, `NIVEL_ESTUDIOS`, `ID_EMPLEADO_JEFE`, `FECHA_RETIRO`, `HORARIO_TRABAJO`, `ID_USUARIO_CREO_EMPLEADO`, `FECHA_HORA_CREACION_EMPLEADO`) values('38','7','50','2','2','34','1','1','1','34','0038','Francisco','Antonio','Polanco','Castillo','1990-07-08','00000042','2008-07-03','00000000000038','0000038','00000038','2019-02-07','2019-02-07','600.00','correo@ues.com','correo@ues.com','UNIVERSITARIOS','20','0000-00-00','ADMINISTRATIVO','1','2020-04-27 00:00:00');
insert into `empleados` (`ID_EMPLEADO`, `ID_PUESTO`, `ID_PROFESION_OFICIO`, `ID_ESTADO_CIVIL`, `ID_GENERO`, `ID_SUB_SECCION`, `ID_TIPO_CONTRATACION`, `ID_AFP`, `ID_ESTADO`, `ID_MUNICIPIO`, `CODIGO_EMPLEADO`, `NOMBRE_PRIMERO`, `NOMBRE_SEGUNDO`, `APELLIDO_PATERNO`, `APELLIDO_MATERNO`, `FECHA_NACIMIENTO`, `NUMERO_DOCUMENTO`, `FECHA_EXPEDICION`, `NIT`, `NUP`, `NUMERO_ISSS`, `FECHA_INGRESO`, `FECHA_CONTRATACION`, `SALARIO`, `CORREO_ELECTRONICO_INSTITUCIONAL`, `CORREO_ELECTRONICO_PERSONAL`, `NIVEL_ESTUDIOS`, `ID_EMPLEADO_JEFE`, `FECHA_RETIRO`, `HORARIO_TRABAJO`, `ID_USUARIO_CREO_EMPLEADO`, `FECHA_HORA_CREACION_EMPLEADO`) values('39','8','50','2','2','35','1','1','1','1','0039','Francisco','Daniel','Cortez','V','1990-07-09','00000043','2008-07-04','00000000000039','0000039','00000039','2019-02-08','2019-02-08','700.00','correo@ues.com','correo@ues.com','UNIVERSITARIOS','21','0000-00-00','ADMINISTRATIVO','1','2020-04-28 00:00:00');
insert into `empleados` (`ID_EMPLEADO`, `ID_PUESTO`, `ID_PROFESION_OFICIO`, `ID_ESTADO_CIVIL`, `ID_GENERO`, `ID_SUB_SECCION`, `ID_TIPO_CONTRATACION`, `ID_AFP`, `ID_ESTADO`, `ID_MUNICIPIO`, `CODIGO_EMPLEADO`, `NOMBRE_PRIMERO`, `NOMBRE_SEGUNDO`, `APELLIDO_PATERNO`, `APELLIDO_MATERNO`, `FECHA_NACIMIENTO`, `NUMERO_DOCUMENTO`, `FECHA_EXPEDICION`, `NIT`, `NUP`, `NUMERO_ISSS`, `FECHA_INGRESO`, `FECHA_CONTRATACION`, `SALARIO`, `CORREO_ELECTRONICO_INSTITUCIONAL`, `CORREO_ELECTRONICO_PERSONAL`, `NIVEL_ESTUDIOS`, `ID_EMPLEADO_JEFE`, `FECHA_RETIRO`, `HORARIO_TRABAJO`, `ID_USUARIO_CREO_EMPLEADO`, `FECHA_HORA_CREACION_EMPLEADO`) values('40','9','50','2','2','36','1','1','1','2','0040','Guillermo','Alexander','Cornejo','Argueta','1990-07-10','00000044','2008-07-05','00000000000040','0000040','00000040','2019-02-09','2019-02-09','800.00','correo@ues.com','correo@ues.com','UNIVERSITARIOS','22','0000-00-00','ADMINISTRATIVO','1','2020-04-29 00:00:00');
insert into `empleados` (`ID_EMPLEADO`, `ID_PUESTO`, `ID_PROFESION_OFICIO`, `ID_ESTADO_CIVIL`, `ID_GENERO`, `ID_SUB_SECCION`, `ID_TIPO_CONTRATACION`, `ID_AFP`, `ID_ESTADO`, `ID_MUNICIPIO`, `CODIGO_EMPLEADO`, `NOMBRE_PRIMERO`, `NOMBRE_SEGUNDO`, `APELLIDO_PATERNO`, `APELLIDO_MATERNO`, `FECHA_NACIMIENTO`, `NUMERO_DOCUMENTO`, `FECHA_EXPEDICION`, `NIT`, `NUP`, `NUMERO_ISSS`, `FECHA_INGRESO`, `FECHA_CONTRATACION`, `SALARIO`, `CORREO_ELECTRONICO_INSTITUCIONAL`, `CORREO_ELECTRONICO_PERSONAL`, `NIVEL_ESTUDIOS`, `ID_EMPLEADO_JEFE`, `FECHA_RETIRO`, `HORARIO_TRABAJO`, `ID_USUARIO_CREO_EMPLEADO`, `FECHA_HORA_CREACION_EMPLEADO`) values('41','10','50','2','2','37','1','1','1','3','0041','H','Daniel','Mart','C','1990-07-11','00000045','2008-07-06','00000000000041','0000041','00000041','2019-02-10','2019-02-10','900.00','correo@ues.com','correo@ues.com','UNIVERSITARIOS','23','0000-00-00','ADMINISTRATIVO','1','2020-04-30 00:00:00');
insert into `empleados` (`ID_EMPLEADO`, `ID_PUESTO`, `ID_PROFESION_OFICIO`, `ID_ESTADO_CIVIL`, `ID_GENERO`, `ID_SUB_SECCION`, `ID_TIPO_CONTRATACION`, `ID_AFP`, `ID_ESTADO`, `ID_MUNICIPIO`, `CODIGO_EMPLEADO`, `NOMBRE_PRIMERO`, `NOMBRE_SEGUNDO`, `APELLIDO_PATERNO`, `APELLIDO_MATERNO`, `FECHA_NACIMIENTO`, `NUMERO_DOCUMENTO`, `FECHA_EXPEDICION`, `NIT`, `NUP`, `NUMERO_ISSS`, `FECHA_INGRESO`, `FECHA_CONTRATACION`, `SALARIO`, `CORREO_ELECTRONICO_INSTITUCIONAL`, `CORREO_ELECTRONICO_PERSONAL`, `NIVEL_ESTUDIOS`, `ID_EMPLEADO_JEFE`, `FECHA_RETIRO`, `HORARIO_TRABAJO`, `ID_USUARIO_CREO_EMPLEADO`, `FECHA_HORA_CREACION_EMPLEADO`) values('42','11','50','2','2','38','3','1','1','4','0042','Henry','Ivan','Godoy','Gutierrez','1995-11-05','00000046','2013-10-31','00000000000042','0000042','00000042','2019-02-11','2019-02-11','1000.00','correo@ues.com','correo@ues.com','UNIVERSITARIOS','24','0000-00-00','ADMINISTRATIVO','1','2020-05-01 00:00:00');
insert into `empleados` (`ID_EMPLEADO`, `ID_PUESTO`, `ID_PROFESION_OFICIO`, `ID_ESTADO_CIVIL`, `ID_GENERO`, `ID_SUB_SECCION`, `ID_TIPO_CONTRATACION`, `ID_AFP`, `ID_ESTADO`, `ID_MUNICIPIO`, `CODIGO_EMPLEADO`, `NOMBRE_PRIMERO`, `NOMBRE_SEGUNDO`, `APELLIDO_PATERNO`, `APELLIDO_MATERNO`, `FECHA_NACIMIENTO`, `NUMERO_DOCUMENTO`, `FECHA_EXPEDICION`, `NIT`, `NUP`, `NUMERO_ISSS`, `FECHA_INGRESO`, `FECHA_CONTRATACION`, `SALARIO`, `CORREO_ELECTRONICO_INSTITUCIONAL`, `CORREO_ELECTRONICO_PERSONAL`, `NIVEL_ESTUDIOS`, `ID_EMPLEADO_JEFE`, `FECHA_RETIRO`, `HORARIO_TRABAJO`, `ID_USUARIO_CREO_EMPLEADO`, `FECHA_HORA_CREACION_EMPLEADO`) values('43','12','50','1','1','39','3','1','1','5','0043','Iveth','Edelmira','Carranza','Mart','1995-11-06','00000047','2013-11-01','00000000000043','0000043','00000043','2019-02-12','2019-02-12','975.00','correo@ues.com','correo@ues.com','UNIVERSITARIOS','25','0000-00-00','ADMINISTRATIVO','1','2020-05-02 00:00:00');
insert into `empleados` (`ID_EMPLEADO`, `ID_PUESTO`, `ID_PROFESION_OFICIO`, `ID_ESTADO_CIVIL`, `ID_GENERO`, `ID_SUB_SECCION`, `ID_TIPO_CONTRATACION`, `ID_AFP`, `ID_ESTADO`, `ID_MUNICIPIO`, `CODIGO_EMPLEADO`, `NOMBRE_PRIMERO`, `NOMBRE_SEGUNDO`, `APELLIDO_PATERNO`, `APELLIDO_MATERNO`, `FECHA_NACIMIENTO`, `NUMERO_DOCUMENTO`, `FECHA_EXPEDICION`, `NIT`, `NUP`, `NUMERO_ISSS`, `FECHA_INGRESO`, `FECHA_CONTRATACION`, `SALARIO`, `CORREO_ELECTRONICO_INSTITUCIONAL`, `CORREO_ELECTRONICO_PERSONAL`, `NIVEL_ESTUDIOS`, `ID_EMPLEADO_JEFE`, `FECHA_RETIRO`, `HORARIO_TRABAJO`, `ID_USUARIO_CREO_EMPLEADO`, `FECHA_HORA_CREACION_EMPLEADO`) values('44','13','50','1','1','40','3','1','1','6','0044','Jennifer','Irene','Delgado','Hern','1995-11-07','00000048','2013-11-02','00000000000044','0000044','00000044','2019-02-13','2019-02-13','850.00','correo@ues.com','correo@ues.com','UNIVERSITARIOS','26','0000-00-00','ADMINISTRATIVO','1','2020-05-03 00:00:00');
insert into `empleados` (`ID_EMPLEADO`, `ID_PUESTO`, `ID_PROFESION_OFICIO`, `ID_ESTADO_CIVIL`, `ID_GENERO`, `ID_SUB_SECCION`, `ID_TIPO_CONTRATACION`, `ID_AFP`, `ID_ESTADO`, `ID_MUNICIPIO`, `CODIGO_EMPLEADO`, `NOMBRE_PRIMERO`, `NOMBRE_SEGUNDO`, `APELLIDO_PATERNO`, `APELLIDO_MATERNO`, `FECHA_NACIMIENTO`, `NUMERO_DOCUMENTO`, `FECHA_EXPEDICION`, `NIT`, `NUP`, `NUMERO_ISSS`, `FECHA_INGRESO`, `FECHA_CONTRATACION`, `SALARIO`, `CORREO_ELECTRONICO_INSTITUCIONAL`, `CORREO_ELECTRONICO_PERSONAL`, `NIVEL_ESTUDIOS`, `ID_EMPLEADO_JEFE`, `FECHA_RETIRO`, `HORARIO_TRABAJO`, `ID_USUARIO_CREO_EMPLEADO`, `FECHA_HORA_CREACION_EMPLEADO`) values('45','14','50','1','2','1','3','1','1','7','0045','Jimmy','Isaac','Hern','Alvarez','1995-11-08','00000049','2013-11-03','00000000000045','0000045','00000045','2019-02-14','2019-02-14','725.00','correo@ues.com','correo@ues.com','UNIVERSITARIOS','27','0000-00-00','ADMINISTRATIVO','1','2020-05-04 00:00:00');
insert into `empleados` (`ID_EMPLEADO`, `ID_PUESTO`, `ID_PROFESION_OFICIO`, `ID_ESTADO_CIVIL`, `ID_GENERO`, `ID_SUB_SECCION`, `ID_TIPO_CONTRATACION`, `ID_AFP`, `ID_ESTADO`, `ID_MUNICIPIO`, `CODIGO_EMPLEADO`, `NOMBRE_PRIMERO`, `NOMBRE_SEGUNDO`, `APELLIDO_PATERNO`, `APELLIDO_MATERNO`, `FECHA_NACIMIENTO`, `NUMERO_DOCUMENTO`, `FECHA_EXPEDICION`, `NIT`, `NUP`, `NUMERO_ISSS`, `FECHA_INGRESO`, `FECHA_CONTRATACION`, `SALARIO`, `CORREO_ELECTRONICO_INSTITUCIONAL`, `CORREO_ELECTRONICO_PERSONAL`, `NIVEL_ESTUDIOS`, `ID_EMPLEADO_JEFE`, `FECHA_RETIRO`, `HORARIO_TRABAJO`, `ID_USUARIO_CREO_EMPLEADO`, `FECHA_HORA_CREACION_EMPLEADO`) values('46','15','50','1','2','2','3','1','1','8','0046','Joel','Armando','Ramos','Lopez','1995-11-09','00000050','2013-11-04','00000000000046','0000046','00000046','2019-02-15','2019-02-15','615.00','correo@ues.com','correo@ues.com','UNIVERSITARIOS','1','0000-00-00','ADMINISTRATIVO','1','2020-05-05 00:00:00');
insert into `empleados` (`ID_EMPLEADO`, `ID_PUESTO`, `ID_PROFESION_OFICIO`, `ID_ESTADO_CIVIL`, `ID_GENERO`, `ID_SUB_SECCION`, `ID_TIPO_CONTRATACION`, `ID_AFP`, `ID_ESTADO`, `ID_MUNICIPIO`, `CODIGO_EMPLEADO`, `NOMBRE_PRIMERO`, `NOMBRE_SEGUNDO`, `APELLIDO_PATERNO`, `APELLIDO_MATERNO`, `FECHA_NACIMIENTO`, `NUMERO_DOCUMENTO`, `FECHA_EXPEDICION`, `NIT`, `NUP`, `NUMERO_ISSS`, `FECHA_INGRESO`, `FECHA_CONTRATACION`, `SALARIO`, `CORREO_ELECTRONICO_INSTITUCIONAL`, `CORREO_ELECTRONICO_PERSONAL`, `NIVEL_ESTUDIOS`, `ID_EMPLEADO_JEFE`, `FECHA_RETIRO`, `HORARIO_TRABAJO`, `ID_USUARIO_CREO_EMPLEADO`, `FECHA_HORA_CREACION_EMPLEADO`) values('47','16','50','1','2','3','3','1','1','9','0047','Jonathan','Alexander','G','Ruiz','1995-11-10','00000051','2013-11-05','00000000000047','0000047','00000047','2019-02-16','2019-02-16','540.00','correo@ues.com','correo@ues.com','UNIVERSITARIOS','2','0000-00-00','ADMINISTRATIVO','1','2020-05-06 00:00:00');
insert into `empleados` (`ID_EMPLEADO`, `ID_PUESTO`, `ID_PROFESION_OFICIO`, `ID_ESTADO_CIVIL`, `ID_GENERO`, `ID_SUB_SECCION`, `ID_TIPO_CONTRATACION`, `ID_AFP`, `ID_ESTADO`, `ID_MUNICIPIO`, `CODIGO_EMPLEADO`, `NOMBRE_PRIMERO`, `NOMBRE_SEGUNDO`, `APELLIDO_PATERNO`, `APELLIDO_MATERNO`, `FECHA_NACIMIENTO`, `NUMERO_DOCUMENTO`, `FECHA_EXPEDICION`, `NIT`, `NUP`, `NUMERO_ISSS`, `FECHA_INGRESO`, `FECHA_CONTRATACION`, `SALARIO`, `CORREO_ELECTRONICO_INSTITUCIONAL`, `CORREO_ELECTRONICO_PERSONAL`, `NIVEL_ESTUDIOS`, `ID_EMPLEADO_JEFE`, `FECHA_RETIRO`, `HORARIO_TRABAJO`, `ID_USUARIO_CREO_EMPLEADO`, `FECHA_HORA_CREACION_EMPLEADO`) values('48','17','50','1','2','4','3','1','3','10','0048','Jorge','Alberto','Sibrian','Castro','1995-11-11','00000052','2013-11-06','00000000000048','0000048','00000048','2019-02-17','2019-02-17','435.00','correo@ues.com','correo@ues.com','UNIVERSITARIOS','3','0000-00-00','ADMINISTRATIVO','1','2020-05-07 00:00:00');
insert into `empleados` (`ID_EMPLEADO`, `ID_PUESTO`, `ID_PROFESION_OFICIO`, `ID_ESTADO_CIVIL`, `ID_GENERO`, `ID_SUB_SECCION`, `ID_TIPO_CONTRATACION`, `ID_AFP`, `ID_ESTADO`, `ID_MUNICIPIO`, `CODIGO_EMPLEADO`, `NOMBRE_PRIMERO`, `NOMBRE_SEGUNDO`, `APELLIDO_PATERNO`, `APELLIDO_MATERNO`, `FECHA_NACIMIENTO`, `NUMERO_DOCUMENTO`, `FECHA_EXPEDICION`, `NIT`, `NUP`, `NUMERO_ISSS`, `FECHA_INGRESO`, `FECHA_CONTRATACION`, `SALARIO`, `CORREO_ELECTRONICO_INSTITUCIONAL`, `CORREO_ELECTRONICO_PERSONAL`, `NIVEL_ESTUDIOS`, `ID_EMPLEADO_JEFE`, `FECHA_RETIRO`, `HORARIO_TRABAJO`, `ID_USUARIO_CREO_EMPLEADO`, `FECHA_HORA_CREACION_EMPLEADO`) values('49','18','50','1','2','5','3','1','1','11','0049','Jorge','Ovidio','Mejia','Alvarado','1995-11-12','00000053','2013-11-07','00000000000049','0000049','00000049','2019-02-18','2019-02-18','385.00','correo@ues.com','correo@ues.com','UNIVERSITARIOS','4','0000-00-00','ADMINISTRATIVO','1','2020-05-08 00:00:00');
insert into `empleados` (`ID_EMPLEADO`, `ID_PUESTO`, `ID_PROFESION_OFICIO`, `ID_ESTADO_CIVIL`, `ID_GENERO`, `ID_SUB_SECCION`, `ID_TIPO_CONTRATACION`, `ID_AFP`, `ID_ESTADO`, `ID_MUNICIPIO`, `CODIGO_EMPLEADO`, `NOMBRE_PRIMERO`, `NOMBRE_SEGUNDO`, `APELLIDO_PATERNO`, `APELLIDO_MATERNO`, `FECHA_NACIMIENTO`, `NUMERO_DOCUMENTO`, `FECHA_EXPEDICION`, `NIT`, `NUP`, `NUMERO_ISSS`, `FECHA_INGRESO`, `FECHA_CONTRATACION`, `SALARIO`, `CORREO_ELECTRONICO_INSTITUCIONAL`, `CORREO_ELECTRONICO_PERSONAL`, `NIVEL_ESTUDIOS`, `ID_EMPLEADO_JEFE`, `FECHA_RETIRO`, `HORARIO_TRABAJO`, `ID_USUARIO_CREO_EMPLEADO`, `FECHA_HORA_CREACION_EMPLEADO`) values('50','19','50','1','2','6','3','1','1','12','0050','Jose','Antonio','Osorio','Guandique','1995-11-13','00000054','2013-11-08','00000000000050','0000050','00000050','2019-02-19','2019-02-19','300.00','correo@ues.com','correo@ues.com','UNIVERSITARIOS','5','0000-00-00','ADMINISTRATIVO','1','2020-05-09 00:00:00');
insert into `empleados` (`ID_EMPLEADO`, `ID_PUESTO`, `ID_PROFESION_OFICIO`, `ID_ESTADO_CIVIL`, `ID_GENERO`, `ID_SUB_SECCION`, `ID_TIPO_CONTRATACION`, `ID_AFP`, `ID_ESTADO`, `ID_MUNICIPIO`, `CODIGO_EMPLEADO`, `NOMBRE_PRIMERO`, `NOMBRE_SEGUNDO`, `APELLIDO_PATERNO`, `APELLIDO_MATERNO`, `FECHA_NACIMIENTO`, `NUMERO_DOCUMENTO`, `FECHA_EXPEDICION`, `NIT`, `NUP`, `NUMERO_ISSS`, `FECHA_INGRESO`, `FECHA_CONTRATACION`, `SALARIO`, `CORREO_ELECTRONICO_INSTITUCIONAL`, `CORREO_ELECTRONICO_PERSONAL`, `NIVEL_ESTUDIOS`, `ID_EMPLEADO_JEFE`, `FECHA_RETIRO`, `HORARIO_TRABAJO`, `ID_USUARIO_CREO_EMPLEADO`, `FECHA_HORA_CREACION_EMPLEADO`) values('51','20','50','1','2','7','3','1','1','13','0051','Jos','Elvis','Quintanilla','Ticas','1995-11-14','00000055','2013-11-09','00000000000051','0000051','00000051','2019-02-20','2019-02-20','400.00','correo@ues.com','correo@ues.com','UNIVERSITARIOS','10','0000-00-00','ADMINISTRATIVO','1','2020-05-10 00:00:00');
insert into `empleados` (`ID_EMPLEADO`, `ID_PUESTO`, `ID_PROFESION_OFICIO`, `ID_ESTADO_CIVIL`, `ID_GENERO`, `ID_SUB_SECCION`, `ID_TIPO_CONTRATACION`, `ID_AFP`, `ID_ESTADO`, `ID_MUNICIPIO`, `CODIGO_EMPLEADO`, `NOMBRE_PRIMERO`, `NOMBRE_SEGUNDO`, `APELLIDO_PATERNO`, `APELLIDO_MATERNO`, `FECHA_NACIMIENTO`, `NUMERO_DOCUMENTO`, `FECHA_EXPEDICION`, `NIT`, `NUP`, `NUMERO_ISSS`, `FECHA_INGRESO`, `FECHA_CONTRATACION`, `SALARIO`, `CORREO_ELECTRONICO_INSTITUCIONAL`, `CORREO_ELECTRONICO_PERSONAL`, `NIVEL_ESTUDIOS`, `ID_EMPLEADO_JEFE`, `FECHA_RETIRO`, `HORARIO_TRABAJO`, `ID_USUARIO_CREO_EMPLEADO`, `FECHA_HORA_CREACION_EMPLEADO`) values('52','21','50','1','2','8','3','1','1','14','0052','Jos','Enrique','Lara','Aguilar','1995-11-15','00000056','2013-11-10','00000000000052','0000052','00000052','2019-02-21','2019-02-21','500.00','correo@ues.com','correo@ues.com','UNIVERSITARIOS','11','0000-00-00','ADMINISTRATIVO','1','2020-05-11 00:00:00');
insert into `empleados` (`ID_EMPLEADO`, `ID_PUESTO`, `ID_PROFESION_OFICIO`, `ID_ESTADO_CIVIL`, `ID_GENERO`, `ID_SUB_SECCION`, `ID_TIPO_CONTRATACION`, `ID_AFP`, `ID_ESTADO`, `ID_MUNICIPIO`, `CODIGO_EMPLEADO`, `NOMBRE_PRIMERO`, `NOMBRE_SEGUNDO`, `APELLIDO_PATERNO`, `APELLIDO_MATERNO`, `FECHA_NACIMIENTO`, `NUMERO_DOCUMENTO`, `FECHA_EXPEDICION`, `NIT`, `NUP`, `NUMERO_ISSS`, `FECHA_INGRESO`, `FECHA_CONTRATACION`, `SALARIO`, `CORREO_ELECTRONICO_INSTITUCIONAL`, `CORREO_ELECTRONICO_PERSONAL`, `NIVEL_ESTUDIOS`, `ID_EMPLEADO_JEFE`, `FECHA_RETIRO`, `HORARIO_TRABAJO`, `ID_USUARIO_CREO_EMPLEADO`, `FECHA_HORA_CREACION_EMPLEADO`) values('53','22','50','1','2','9','3','1','1','15','0053','Jos','Ricardo','Sosa','Hern','1995-11-16','00000057','2013-11-11','00000000000053','0000053','00000053','2019-02-22','2019-02-22','600.00','correo@ues.com','correo@ues.com','UNIVERSITARIOS','12','0000-00-00','ADMINISTRATIVO','1','2020-05-12 00:00:00');
insert into `empleados` (`ID_EMPLEADO`, `ID_PUESTO`, `ID_PROFESION_OFICIO`, `ID_ESTADO_CIVIL`, `ID_GENERO`, `ID_SUB_SECCION`, `ID_TIPO_CONTRATACION`, `ID_AFP`, `ID_ESTADO`, `ID_MUNICIPIO`, `CODIGO_EMPLEADO`, `NOMBRE_PRIMERO`, `NOMBRE_SEGUNDO`, `APELLIDO_PATERNO`, `APELLIDO_MATERNO`, `FECHA_NACIMIENTO`, `NUMERO_DOCUMENTO`, `FECHA_EXPEDICION`, `NIT`, `NUP`, `NUMERO_ISSS`, `FECHA_INGRESO`, `FECHA_CONTRATACION`, `SALARIO`, `CORREO_ELECTRONICO_INSTITUCIONAL`, `CORREO_ELECTRONICO_PERSONAL`, `NIVEL_ESTUDIOS`, `ID_EMPLEADO_JEFE`, `FECHA_RETIRO`, `HORARIO_TRABAJO`, `ID_USUARIO_CREO_EMPLEADO`, `FECHA_HORA_CREACION_EMPLEADO`) values('54','23','50','1','2','10','3','1','1','16','0054','Jos','Rodrigo','Presa','Mariona','1995-11-17','00000058','2013-11-12','00000000000054','0000054','00000054','2019-02-23','2019-02-23','700.00','correo@ues.com','correo@ues.com','UNIVERSITARIOS','13','0000-00-00','ADMINISTRATIVO','1','2020-05-13 00:00:00');
insert into `empleados` (`ID_EMPLEADO`, `ID_PUESTO`, `ID_PROFESION_OFICIO`, `ID_ESTADO_CIVIL`, `ID_GENERO`, `ID_SUB_SECCION`, `ID_TIPO_CONTRATACION`, `ID_AFP`, `ID_ESTADO`, `ID_MUNICIPIO`, `CODIGO_EMPLEADO`, `NOMBRE_PRIMERO`, `NOMBRE_SEGUNDO`, `APELLIDO_PATERNO`, `APELLIDO_MATERNO`, `FECHA_NACIMIENTO`, `NUMERO_DOCUMENTO`, `FECHA_EXPEDICION`, `NIT`, `NUP`, `NUMERO_ISSS`, `FECHA_INGRESO`, `FECHA_CONTRATACION`, `SALARIO`, `CORREO_ELECTRONICO_INSTITUCIONAL`, `CORREO_ELECTRONICO_PERSONAL`, `NIVEL_ESTUDIOS`, `ID_EMPLEADO_JEFE`, `FECHA_RETIRO`, `HORARIO_TRABAJO`, `ID_USUARIO_CREO_EMPLEADO`, `FECHA_HORA_CREACION_EMPLEADO`) values('55','24','50','1','1','11','3','1','3','17','0055','Josseline','Astrid','Hern','Arana','1995-11-18','00000059','2013-11-13','00000000000055','0000055','00000055','2019-02-24','2019-02-24','800.00','correo@ues.com','correo@ues.com','UNIVERSITARIOS','14','0000-00-00','ADMINISTRATIVO','1','2020-05-14 00:00:00');
insert into `empleados` (`ID_EMPLEADO`, `ID_PUESTO`, `ID_PROFESION_OFICIO`, `ID_ESTADO_CIVIL`, `ID_GENERO`, `ID_SUB_SECCION`, `ID_TIPO_CONTRATACION`, `ID_AFP`, `ID_ESTADO`, `ID_MUNICIPIO`, `CODIGO_EMPLEADO`, `NOMBRE_PRIMERO`, `NOMBRE_SEGUNDO`, `APELLIDO_PATERNO`, `APELLIDO_MATERNO`, `FECHA_NACIMIENTO`, `NUMERO_DOCUMENTO`, `FECHA_EXPEDICION`, `NIT`, `NUP`, `NUMERO_ISSS`, `FECHA_INGRESO`, `FECHA_CONTRATACION`, `SALARIO`, `CORREO_ELECTRONICO_INSTITUCIONAL`, `CORREO_ELECTRONICO_PERSONAL`, `NIVEL_ESTUDIOS`, `ID_EMPLEADO_JEFE`, `FECHA_RETIRO`, `HORARIO_TRABAJO`, `ID_USUARIO_CREO_EMPLEADO`, `FECHA_HORA_CREACION_EMPLEADO`) values('56','25','50','1','2','12','3','1','1','18','0056','Josue','Alfonso','Torres','Artiaga','1995-11-19','00000060','2013-11-14','00000000000056','0000056','00000056','2019-02-25','2019-02-25','900.00','correo@ues.com','correo@ues.com','UNIVERSITARIOS','15','0000-00-00','ADMINISTRATIVO','1','2020-05-15 00:00:00');
insert into `empleados` (`ID_EMPLEADO`, `ID_PUESTO`, `ID_PROFESION_OFICIO`, `ID_ESTADO_CIVIL`, `ID_GENERO`, `ID_SUB_SECCION`, `ID_TIPO_CONTRATACION`, `ID_AFP`, `ID_ESTADO`, `ID_MUNICIPIO`, `CODIGO_EMPLEADO`, `NOMBRE_PRIMERO`, `NOMBRE_SEGUNDO`, `APELLIDO_PATERNO`, `APELLIDO_MATERNO`, `FECHA_NACIMIENTO`, `NUMERO_DOCUMENTO`, `FECHA_EXPEDICION`, `NIT`, `NUP`, `NUMERO_ISSS`, `FECHA_INGRESO`, `FECHA_CONTRATACION`, `SALARIO`, `CORREO_ELECTRONICO_INSTITUCIONAL`, `CORREO_ELECTRONICO_PERSONAL`, `NIVEL_ESTUDIOS`, `ID_EMPLEADO_JEFE`, `FECHA_RETIRO`, `HORARIO_TRABAJO`, `ID_USUARIO_CREO_EMPLEADO`, `FECHA_HORA_CREACION_EMPLEADO`) values('57','26','50','1','2','13','1','1','1','19','0057','Josue','Stanley','Maldonado','Soriano','1995-11-20','00000061','2013-11-15','00000000000057','0000057','00000057','2019-02-26','2019-02-26','1000.00','correo@ues.com','correo@ues.com','UNIVERSITARIOS','16','0000-00-00','ADMINISTRATIVO','1','2020-05-16 00:00:00');
insert into `empleados` (`ID_EMPLEADO`, `ID_PUESTO`, `ID_PROFESION_OFICIO`, `ID_ESTADO_CIVIL`, `ID_GENERO`, `ID_SUB_SECCION`, `ID_TIPO_CONTRATACION`, `ID_AFP`, `ID_ESTADO`, `ID_MUNICIPIO`, `CODIGO_EMPLEADO`, `NOMBRE_PRIMERO`, `NOMBRE_SEGUNDO`, `APELLIDO_PATERNO`, `APELLIDO_MATERNO`, `FECHA_NACIMIENTO`, `NUMERO_DOCUMENTO`, `FECHA_EXPEDICION`, `NIT`, `NUP`, `NUMERO_ISSS`, `FECHA_INGRESO`, `FECHA_CONTRATACION`, `SALARIO`, `CORREO_ELECTRONICO_INSTITUCIONAL`, `CORREO_ELECTRONICO_PERSONAL`, `NIVEL_ESTUDIOS`, `ID_EMPLEADO_JEFE`, `FECHA_RETIRO`, `HORARIO_TRABAJO`, `ID_USUARIO_CREO_EMPLEADO`, `FECHA_HORA_CREACION_EMPLEADO`) values('58','27','50','1','2','14','1','1','1','20','0058','Juan','Pablo','D','Colato','1995-11-21','00000062','2013-11-16','00000000000058','0000058','00000058','2019-02-27','2019-02-27','975.00','correo@ues.com','correo@ues.com','UNIVERSITARIOS','17','0000-00-00','ADMINISTRATIVO','1','2020-05-17 00:00:00');
insert into `empleados` (`ID_EMPLEADO`, `ID_PUESTO`, `ID_PROFESION_OFICIO`, `ID_ESTADO_CIVIL`, `ID_GENERO`, `ID_SUB_SECCION`, `ID_TIPO_CONTRATACION`, `ID_AFP`, `ID_ESTADO`, `ID_MUNICIPIO`, `CODIGO_EMPLEADO`, `NOMBRE_PRIMERO`, `NOMBRE_SEGUNDO`, `APELLIDO_PATERNO`, `APELLIDO_MATERNO`, `FECHA_NACIMIENTO`, `NUMERO_DOCUMENTO`, `FECHA_EXPEDICION`, `NIT`, `NUP`, `NUMERO_ISSS`, `FECHA_INGRESO`, `FECHA_CONTRATACION`, `SALARIO`, `CORREO_ELECTRONICO_INSTITUCIONAL`, `CORREO_ELECTRONICO_PERSONAL`, `NIVEL_ESTUDIOS`, `ID_EMPLEADO_JEFE`, `FECHA_RETIRO`, `HORARIO_TRABAJO`, `ID_USUARIO_CREO_EMPLEADO`, `FECHA_HORA_CREACION_EMPLEADO`) values('59','1','50','1','2','15','1','1','1','21','0059','Kendal','Alfonso','Sosa','Montes','1995-11-22','00000063','2013-11-17','00000000000059','0000059','00000059','2019-02-28','2019-02-28','850.00','correo@ues.com','correo@ues.com','UNIVERSITARIOS','18','0000-00-00','ADMINISTRATIVO','1','2020-05-18 00:00:00');
insert into `empleados` (`ID_EMPLEADO`, `ID_PUESTO`, `ID_PROFESION_OFICIO`, `ID_ESTADO_CIVIL`, `ID_GENERO`, `ID_SUB_SECCION`, `ID_TIPO_CONTRATACION`, `ID_AFP`, `ID_ESTADO`, `ID_MUNICIPIO`, `CODIGO_EMPLEADO`, `NOMBRE_PRIMERO`, `NOMBRE_SEGUNDO`, `APELLIDO_PATERNO`, `APELLIDO_MATERNO`, `FECHA_NACIMIENTO`, `NUMERO_DOCUMENTO`, `FECHA_EXPEDICION`, `NIT`, `NUP`, `NUMERO_ISSS`, `FECHA_INGRESO`, `FECHA_CONTRATACION`, `SALARIO`, `CORREO_ELECTRONICO_INSTITUCIONAL`, `CORREO_ELECTRONICO_PERSONAL`, `NIVEL_ESTUDIOS`, `ID_EMPLEADO_JEFE`, `FECHA_RETIRO`, `HORARIO_TRABAJO`, `ID_USUARIO_CREO_EMPLEADO`, `FECHA_HORA_CREACION_EMPLEADO`) values('60','2','50','3','2','16','1','1','1','22','0060','Kevin','Alexander','Toloza','Hernandez','1995-11-23','00000064','2013-11-18','00000000000060','0000060','00000060','2019-03-01','2019-03-01','725.00','correo@ues.com','correo@ues.com','UNIVERSITARIOS','19','0000-00-00','ADMINISTRATIVO','1','2020-05-19 00:00:00');
insert into `empleados` (`ID_EMPLEADO`, `ID_PUESTO`, `ID_PROFESION_OFICIO`, `ID_ESTADO_CIVIL`, `ID_GENERO`, `ID_SUB_SECCION`, `ID_TIPO_CONTRATACION`, `ID_AFP`, `ID_ESTADO`, `ID_MUNICIPIO`, `CODIGO_EMPLEADO`, `NOMBRE_PRIMERO`, `NOMBRE_SEGUNDO`, `APELLIDO_PATERNO`, `APELLIDO_MATERNO`, `FECHA_NACIMIENTO`, `NUMERO_DOCUMENTO`, `FECHA_EXPEDICION`, `NIT`, `NUP`, `NUMERO_ISSS`, `FECHA_INGRESO`, `FECHA_CONTRATACION`, `SALARIO`, `CORREO_ELECTRONICO_INSTITUCIONAL`, `CORREO_ELECTRONICO_PERSONAL`, `NIVEL_ESTUDIOS`, `ID_EMPLEADO_JEFE`, `FECHA_RETIRO`, `HORARIO_TRABAJO`, `ID_USUARIO_CREO_EMPLEADO`, `FECHA_HORA_CREACION_EMPLEADO`) values('61','3','50','3','2','17','1','1','1','23','0061','Leonel','Enrique','Ramos','Ramos','1995-11-24','00000065','2013-11-19','00000000000061','0000061','00000061','2019-03-02','2019-03-02','615.00','correo@ues.com','correo@ues.com','UNIVERSITARIOS','20','0000-00-00','ADMINISTRATIVO','1','2020-05-20 00:00:00');
insert into `empleados` (`ID_EMPLEADO`, `ID_PUESTO`, `ID_PROFESION_OFICIO`, `ID_ESTADO_CIVIL`, `ID_GENERO`, `ID_SUB_SECCION`, `ID_TIPO_CONTRATACION`, `ID_AFP`, `ID_ESTADO`, `ID_MUNICIPIO`, `CODIGO_EMPLEADO`, `NOMBRE_PRIMERO`, `NOMBRE_SEGUNDO`, `APELLIDO_PATERNO`, `APELLIDO_MATERNO`, `FECHA_NACIMIENTO`, `NUMERO_DOCUMENTO`, `FECHA_EXPEDICION`, `NIT`, `NUP`, `NUMERO_ISSS`, `FECHA_INGRESO`, `FECHA_CONTRATACION`, `SALARIO`, `CORREO_ELECTRONICO_INSTITUCIONAL`, `CORREO_ELECTRONICO_PERSONAL`, `NIVEL_ESTUDIOS`, `ID_EMPLEADO_JEFE`, `FECHA_RETIRO`, `HORARIO_TRABAJO`, `ID_USUARIO_CREO_EMPLEADO`, `FECHA_HORA_CREACION_EMPLEADO`) values('62','4','50','3','2','18','1','1','1','24','0062','Luis','Roberto','Cerna','V','1995-11-25','00000066','2013-11-20','00000000000062','0000062','00000062','2019-03-03','2019-03-03','540.00','correo@ues.com','correo@ues.com','UNIVERSITARIOS','21','0000-00-00','ADMINISTRATIVO','1','2020-05-21 00:00:00');
insert into `empleados` (`ID_EMPLEADO`, `ID_PUESTO`, `ID_PROFESION_OFICIO`, `ID_ESTADO_CIVIL`, `ID_GENERO`, `ID_SUB_SECCION`, `ID_TIPO_CONTRATACION`, `ID_AFP`, `ID_ESTADO`, `ID_MUNICIPIO`, `CODIGO_EMPLEADO`, `NOMBRE_PRIMERO`, `NOMBRE_SEGUNDO`, `APELLIDO_PATERNO`, `APELLIDO_MATERNO`, `FECHA_NACIMIENTO`, `NUMERO_DOCUMENTO`, `FECHA_EXPEDICION`, `NIT`, `NUP`, `NUMERO_ISSS`, `FECHA_INGRESO`, `FECHA_CONTRATACION`, `SALARIO`, `CORREO_ELECTRONICO_INSTITUCIONAL`, `CORREO_ELECTRONICO_PERSONAL`, `NIVEL_ESTUDIOS`, `ID_EMPLEADO_JEFE`, `FECHA_RETIRO`, `HORARIO_TRABAJO`, `ID_USUARIO_CREO_EMPLEADO`, `FECHA_HORA_CREACION_EMPLEADO`) values('63','5','50','3','2','19','1','1','3','25','0063','Manuel','Antonio','Rosales','Mart','1995-11-26','00000067','2013-11-21','00000000000063','0000063','00000063','2019-03-04','2019-03-04','435.00','correo@ues.com','correo@ues.com','UNIVERSITARIOS','22','0000-00-00','ADMINISTRATIVO','1','2020-05-22 00:00:00');
insert into `empleados` (`ID_EMPLEADO`, `ID_PUESTO`, `ID_PROFESION_OFICIO`, `ID_ESTADO_CIVIL`, `ID_GENERO`, `ID_SUB_SECCION`, `ID_TIPO_CONTRATACION`, `ID_AFP`, `ID_ESTADO`, `ID_MUNICIPIO`, `CODIGO_EMPLEADO`, `NOMBRE_PRIMERO`, `NOMBRE_SEGUNDO`, `APELLIDO_PATERNO`, `APELLIDO_MATERNO`, `FECHA_NACIMIENTO`, `NUMERO_DOCUMENTO`, `FECHA_EXPEDICION`, `NIT`, `NUP`, `NUMERO_ISSS`, `FECHA_INGRESO`, `FECHA_CONTRATACION`, `SALARIO`, `CORREO_ELECTRONICO_INSTITUCIONAL`, `CORREO_ELECTRONICO_PERSONAL`, `NIVEL_ESTUDIOS`, `ID_EMPLEADO_JEFE`, `FECHA_RETIRO`, `HORARIO_TRABAJO`, `ID_USUARIO_CREO_EMPLEADO`, `FECHA_HORA_CREACION_EMPLEADO`) values('64','6','50','3','1','20','1','1','3','26','0064','Maria','Abigail','Gil','C','1995-11-27','00000068','2013-11-22','00000000000064','0000064','00000064','2019-03-05','2019-03-05','385.00','correo@ues.com','correo@ues.com','UNIVERSITARIOS','23','0000-00-00','ADMINISTRATIVO','1','2020-05-23 00:00:00');
insert into `empleados` (`ID_EMPLEADO`, `ID_PUESTO`, `ID_PROFESION_OFICIO`, `ID_ESTADO_CIVIL`, `ID_GENERO`, `ID_SUB_SECCION`, `ID_TIPO_CONTRATACION`, `ID_AFP`, `ID_ESTADO`, `ID_MUNICIPIO`, `CODIGO_EMPLEADO`, `NOMBRE_PRIMERO`, `NOMBRE_SEGUNDO`, `APELLIDO_PATERNO`, `APELLIDO_MATERNO`, `FECHA_NACIMIENTO`, `NUMERO_DOCUMENTO`, `FECHA_EXPEDICION`, `NIT`, `NUP`, `NUMERO_ISSS`, `FECHA_INGRESO`, `FECHA_CONTRATACION`, `SALARIO`, `CORREO_ELECTRONICO_INSTITUCIONAL`, `CORREO_ELECTRONICO_PERSONAL`, `NIVEL_ESTUDIOS`, `ID_EMPLEADO_JEFE`, `FECHA_RETIRO`, `HORARIO_TRABAJO`, `ID_USUARIO_CREO_EMPLEADO`, `FECHA_HORA_CREACION_EMPLEADO`) values('65','7','50','3','2','21','1','1','3','27','0065','Marcos','Alexander','Parrillas','Orellana','1995-11-28','00000069','2013-11-23','00000000000065','0000065','00000065','2019-03-06','2019-03-06','300.00','correo@ues.com','correo@ues.com','UNIVERSITARIOS','24','0000-00-00','ADMINISTRATIVO','1','2020-05-24 00:00:00');
insert into `empleados` (`ID_EMPLEADO`, `ID_PUESTO`, `ID_PROFESION_OFICIO`, `ID_ESTADO_CIVIL`, `ID_GENERO`, `ID_SUB_SECCION`, `ID_TIPO_CONTRATACION`, `ID_AFP`, `ID_ESTADO`, `ID_MUNICIPIO`, `CODIGO_EMPLEADO`, `NOMBRE_PRIMERO`, `NOMBRE_SEGUNDO`, `APELLIDO_PATERNO`, `APELLIDO_MATERNO`, `FECHA_NACIMIENTO`, `NUMERO_DOCUMENTO`, `FECHA_EXPEDICION`, `NIT`, `NUP`, `NUMERO_ISSS`, `FECHA_INGRESO`, `FECHA_CONTRATACION`, `SALARIO`, `CORREO_ELECTRONICO_INSTITUCIONAL`, `CORREO_ELECTRONICO_PERSONAL`, `NIVEL_ESTUDIOS`, `ID_EMPLEADO_JEFE`, `FECHA_RETIRO`, `HORARIO_TRABAJO`, `ID_USUARIO_CREO_EMPLEADO`, `FECHA_HORA_CREACION_EMPLEADO`) values('66','8','50','3','2','22','1','1','1','28','0066','Mario','Abdiel','Gonzalez','Ambrocio','1995-11-29','00000070','2013-11-24','00000000000066','0000066','00000066','2019-03-07','2019-03-07','400.00','correo@ues.com','correo@ues.com','UNIVERSITARIOS','25','0000-00-00','ADMINISTRATIVO','1','2020-05-25 00:00:00');
insert into `empleados` (`ID_EMPLEADO`, `ID_PUESTO`, `ID_PROFESION_OFICIO`, `ID_ESTADO_CIVIL`, `ID_GENERO`, `ID_SUB_SECCION`, `ID_TIPO_CONTRATACION`, `ID_AFP`, `ID_ESTADO`, `ID_MUNICIPIO`, `CODIGO_EMPLEADO`, `NOMBRE_PRIMERO`, `NOMBRE_SEGUNDO`, `APELLIDO_PATERNO`, `APELLIDO_MATERNO`, `FECHA_NACIMIENTO`, `NUMERO_DOCUMENTO`, `FECHA_EXPEDICION`, `NIT`, `NUP`, `NUMERO_ISSS`, `FECHA_INGRESO`, `FECHA_CONTRATACION`, `SALARIO`, `CORREO_ELECTRONICO_INSTITUCIONAL`, `CORREO_ELECTRONICO_PERSONAL`, `NIVEL_ESTUDIOS`, `ID_EMPLEADO_JEFE`, `FECHA_RETIRO`, `HORARIO_TRABAJO`, `ID_USUARIO_CREO_EMPLEADO`, `FECHA_HORA_CREACION_EMPLEADO`) values('67','9','50','3','1','23','1','1','1','29','0067','Melissa','Gabriela','Mel','Beltr','1995-11-30','00000071','2013-11-25','00000000000067','0000067','00000067','2019-03-08','2019-03-08','500.00','correo@ues.com','correo@ues.com','UNIVERSITARIOS','26','0000-00-00','ADMINISTRATIVO','1','2020-05-26 00:00:00');
insert into `empleados` (`ID_EMPLEADO`, `ID_PUESTO`, `ID_PROFESION_OFICIO`, `ID_ESTADO_CIVIL`, `ID_GENERO`, `ID_SUB_SECCION`, `ID_TIPO_CONTRATACION`, `ID_AFP`, `ID_ESTADO`, `ID_MUNICIPIO`, `CODIGO_EMPLEADO`, `NOMBRE_PRIMERO`, `NOMBRE_SEGUNDO`, `APELLIDO_PATERNO`, `APELLIDO_MATERNO`, `FECHA_NACIMIENTO`, `NUMERO_DOCUMENTO`, `FECHA_EXPEDICION`, `NIT`, `NUP`, `NUMERO_ISSS`, `FECHA_INGRESO`, `FECHA_CONTRATACION`, `SALARIO`, `CORREO_ELECTRONICO_INSTITUCIONAL`, `CORREO_ELECTRONICO_PERSONAL`, `NIVEL_ESTUDIOS`, `ID_EMPLEADO_JEFE`, `FECHA_RETIRO`, `HORARIO_TRABAJO`, `ID_USUARIO_CREO_EMPLEADO`, `FECHA_HORA_CREACION_EMPLEADO`) values('68','10','50','3','2','24','1','1','1','30','0068','Nelson','Enrique','Miranda','Miranda','1995-12-01','00000072','2013-11-26','00000000000068','0000068','00000068','2019-03-09','2019-03-09','600.00','correo@ues.com','correo@ues.com','UNIVERSITARIOS','27','0000-00-00','ADMINISTRATIVO','1','2020-05-27 00:00:00');
insert into `empleados` (`ID_EMPLEADO`, `ID_PUESTO`, `ID_PROFESION_OFICIO`, `ID_ESTADO_CIVIL`, `ID_GENERO`, `ID_SUB_SECCION`, `ID_TIPO_CONTRATACION`, `ID_AFP`, `ID_ESTADO`, `ID_MUNICIPIO`, `CODIGO_EMPLEADO`, `NOMBRE_PRIMERO`, `NOMBRE_SEGUNDO`, `APELLIDO_PATERNO`, `APELLIDO_MATERNO`, `FECHA_NACIMIENTO`, `NUMERO_DOCUMENTO`, `FECHA_EXPEDICION`, `NIT`, `NUP`, `NUMERO_ISSS`, `FECHA_INGRESO`, `FECHA_CONTRATACION`, `SALARIO`, `CORREO_ELECTRONICO_INSTITUCIONAL`, `CORREO_ELECTRONICO_PERSONAL`, `NIVEL_ESTUDIOS`, `ID_EMPLEADO_JEFE`, `FECHA_RETIRO`, `HORARIO_TRABAJO`, `ID_USUARIO_CREO_EMPLEADO`, `FECHA_HORA_CREACION_EMPLEADO`) values('69','11','50','3','2','25','1','1','3','31','0069','Oscar','Emmanuel','Cordero','Hern','1995-12-02','00000073','2013-11-27','00000000000069','0000069','00000069','2019-03-10','2019-03-10','700.00','correo@ues.com','correo@ues.com','UNIVERSITARIOS','1','0000-00-00','ADMINISTRATIVO','1','2020-05-28 00:00:00');
insert into `empleados` (`ID_EMPLEADO`, `ID_PUESTO`, `ID_PROFESION_OFICIO`, `ID_ESTADO_CIVIL`, `ID_GENERO`, `ID_SUB_SECCION`, `ID_TIPO_CONTRATACION`, `ID_AFP`, `ID_ESTADO`, `ID_MUNICIPIO`, `CODIGO_EMPLEADO`, `NOMBRE_PRIMERO`, `NOMBRE_SEGUNDO`, `APELLIDO_PATERNO`, `APELLIDO_MATERNO`, `FECHA_NACIMIENTO`, `NUMERO_DOCUMENTO`, `FECHA_EXPEDICION`, `NIT`, `NUP`, `NUMERO_ISSS`, `FECHA_INGRESO`, `FECHA_CONTRATACION`, `SALARIO`, `CORREO_ELECTRONICO_INSTITUCIONAL`, `CORREO_ELECTRONICO_PERSONAL`, `NIVEL_ESTUDIOS`, `ID_EMPLEADO_JEFE`, `FECHA_RETIRO`, `HORARIO_TRABAJO`, `ID_USUARIO_CREO_EMPLEADO`, `FECHA_HORA_CREACION_EMPLEADO`) values('70','12','50','3','2','26','1','1','3','32','0070','Oscar','Enrique','Menj','Tejada','1995-12-03','00000074','2013-11-28','00000000000070','0000070','00000070','2019-03-11','2019-03-11','800.00','correo@ues.com','correo@ues.com','UNIVERSITARIOS','2','0000-00-00','ADMINISTRATIVO','1','2020-05-29 00:00:00');
insert into `empleados` (`ID_EMPLEADO`, `ID_PUESTO`, `ID_PROFESION_OFICIO`, `ID_ESTADO_CIVIL`, `ID_GENERO`, `ID_SUB_SECCION`, `ID_TIPO_CONTRATACION`, `ID_AFP`, `ID_ESTADO`, `ID_MUNICIPIO`, `CODIGO_EMPLEADO`, `NOMBRE_PRIMERO`, `NOMBRE_SEGUNDO`, `APELLIDO_PATERNO`, `APELLIDO_MATERNO`, `FECHA_NACIMIENTO`, `NUMERO_DOCUMENTO`, `FECHA_EXPEDICION`, `NIT`, `NUP`, `NUMERO_ISSS`, `FECHA_INGRESO`, `FECHA_CONTRATACION`, `SALARIO`, `CORREO_ELECTRONICO_INSTITUCIONAL`, `CORREO_ELECTRONICO_PERSONAL`, `NIVEL_ESTUDIOS`, `ID_EMPLEADO_JEFE`, `FECHA_RETIRO`, `HORARIO_TRABAJO`, `ID_USUARIO_CREO_EMPLEADO`, `FECHA_HORA_CREACION_EMPLEADO`) values('71','13','50','3','2','27','1','1','1','33','0071','Osiris','Alexander','Lovos','Molina','1995-12-04','00000075','2013-11-29','00000000000071','0000071','00000071','2019-03-12','2019-03-12','900.00','correo@ues.com','correo@ues.com','UNIVERSITARIOS','3','0000-00-00','ADMINISTRATIVO','1','2020-05-30 00:00:00');
insert into `empleados` (`ID_EMPLEADO`, `ID_PUESTO`, `ID_PROFESION_OFICIO`, `ID_ESTADO_CIVIL`, `ID_GENERO`, `ID_SUB_SECCION`, `ID_TIPO_CONTRATACION`, `ID_AFP`, `ID_ESTADO`, `ID_MUNICIPIO`, `CODIGO_EMPLEADO`, `NOMBRE_PRIMERO`, `NOMBRE_SEGUNDO`, `APELLIDO_PATERNO`, `APELLIDO_MATERNO`, `FECHA_NACIMIENTO`, `NUMERO_DOCUMENTO`, `FECHA_EXPEDICION`, `NIT`, `NUP`, `NUMERO_ISSS`, `FECHA_INGRESO`, `FECHA_CONTRATACION`, `SALARIO`, `CORREO_ELECTRONICO_INSTITUCIONAL`, `CORREO_ELECTRONICO_PERSONAL`, `NIVEL_ESTUDIOS`, `ID_EMPLEADO_JEFE`, `FECHA_RETIRO`, `HORARIO_TRABAJO`, `ID_USUARIO_CREO_EMPLEADO`, `FECHA_HORA_CREACION_EMPLEADO`) values('72','14','50','3','1','28','1','1','1','34','0072','Paola','Ren','Aguilar','Quevedo','1995-12-05','00000076','2013-11-30','00000000000072','0000072','00000072','2019-03-13','2019-03-13','1000.00','correo@ues.com','correo@ues.com','UNIVERSITARIOS','4','0000-00-00','ADMINISTRATIVO','1','2020-05-31 00:00:00');
insert into `empleados` (`ID_EMPLEADO`, `ID_PUESTO`, `ID_PROFESION_OFICIO`, `ID_ESTADO_CIVIL`, `ID_GENERO`, `ID_SUB_SECCION`, `ID_TIPO_CONTRATACION`, `ID_AFP`, `ID_ESTADO`, `ID_MUNICIPIO`, `CODIGO_EMPLEADO`, `NOMBRE_PRIMERO`, `NOMBRE_SEGUNDO`, `APELLIDO_PATERNO`, `APELLIDO_MATERNO`, `FECHA_NACIMIENTO`, `NUMERO_DOCUMENTO`, `FECHA_EXPEDICION`, `NIT`, `NUP`, `NUMERO_ISSS`, `FECHA_INGRESO`, `FECHA_CONTRATACION`, `SALARIO`, `CORREO_ELECTRONICO_INSTITUCIONAL`, `CORREO_ELECTRONICO_PERSONAL`, `NIVEL_ESTUDIOS`, `ID_EMPLEADO_JEFE`, `FECHA_RETIRO`, `HORARIO_TRABAJO`, `ID_USUARIO_CREO_EMPLEADO`, `FECHA_HORA_CREACION_EMPLEADO`) values('73','15','50','3','2','29','1','1','1','35','0073','Rafael','Antonio','Pineda','Hern','1995-12-06','00000077','2013-12-01','00000000000073','0000073','00000073','2019-03-14','2019-03-14','975.00','correo@ues.com','correo@ues.com','UNIVERSITARIOS','5','0000-00-00','ADMINISTRATIVO','1','2020-06-01 00:00:00');
insert into `empleados` (`ID_EMPLEADO`, `ID_PUESTO`, `ID_PROFESION_OFICIO`, `ID_ESTADO_CIVIL`, `ID_GENERO`, `ID_SUB_SECCION`, `ID_TIPO_CONTRATACION`, `ID_AFP`, `ID_ESTADO`, `ID_MUNICIPIO`, `CODIGO_EMPLEADO`, `NOMBRE_PRIMERO`, `NOMBRE_SEGUNDO`, `APELLIDO_PATERNO`, `APELLIDO_MATERNO`, `FECHA_NACIMIENTO`, `NUMERO_DOCUMENTO`, `FECHA_EXPEDICION`, `NIT`, `NUP`, `NUMERO_ISSS`, `FECHA_INGRESO`, `FECHA_CONTRATACION`, `SALARIO`, `CORREO_ELECTRONICO_INSTITUCIONAL`, `CORREO_ELECTRONICO_PERSONAL`, `NIVEL_ESTUDIOS`, `ID_EMPLEADO_JEFE`, `FECHA_RETIRO`, `HORARIO_TRABAJO`, `ID_USUARIO_CREO_EMPLEADO`, `FECHA_HORA_CREACION_EMPLEADO`) values('74','16','50','3','2','30','1','1','1','36','0074','Ricardo','Bladimir','Estupini','L','1995-12-07','00000078','2013-12-02','00000000000074','0000074','00000074','2019-03-15','2019-03-15','850.00','correo@ues.com','correo@ues.com','UNIVERSITARIOS','10','0000-00-00','ADMINISTRATIVO','1','2020-06-02 00:00:00');
insert into `empleados` (`ID_EMPLEADO`, `ID_PUESTO`, `ID_PROFESION_OFICIO`, `ID_ESTADO_CIVIL`, `ID_GENERO`, `ID_SUB_SECCION`, `ID_TIPO_CONTRATACION`, `ID_AFP`, `ID_ESTADO`, `ID_MUNICIPIO`, `CODIGO_EMPLEADO`, `NOMBRE_PRIMERO`, `NOMBRE_SEGUNDO`, `APELLIDO_PATERNO`, `APELLIDO_MATERNO`, `FECHA_NACIMIENTO`, `NUMERO_DOCUMENTO`, `FECHA_EXPEDICION`, `NIT`, `NUP`, `NUMERO_ISSS`, `FECHA_INGRESO`, `FECHA_CONTRATACION`, `SALARIO`, `CORREO_ELECTRONICO_INSTITUCIONAL`, `CORREO_ELECTRONICO_PERSONAL`, `NIVEL_ESTUDIOS`, `ID_EMPLEADO_JEFE`, `FECHA_RETIRO`, `HORARIO_TRABAJO`, `ID_USUARIO_CREO_EMPLEADO`, `FECHA_HORA_CREACION_EMPLEADO`) values('75','17','50','3','2','31','3','1','1','37','0075','Roberto','Eliezer','Ventura','Dominguez','1995-12-08','00000079','2013-12-03','00000000000075','0000075','00000075','2019-03-16','2019-03-16','725.00','correo@ues.com','correo@ues.com','UNIVERSITARIOS','11','0000-00-00','ADMINISTRATIVO','1','2020-06-03 00:00:00');
insert into `empleados` (`ID_EMPLEADO`, `ID_PUESTO`, `ID_PROFESION_OFICIO`, `ID_ESTADO_CIVIL`, `ID_GENERO`, `ID_SUB_SECCION`, `ID_TIPO_CONTRATACION`, `ID_AFP`, `ID_ESTADO`, `ID_MUNICIPIO`, `CODIGO_EMPLEADO`, `NOMBRE_PRIMERO`, `NOMBRE_SEGUNDO`, `APELLIDO_PATERNO`, `APELLIDO_MATERNO`, `FECHA_NACIMIENTO`, `NUMERO_DOCUMENTO`, `FECHA_EXPEDICION`, `NIT`, `NUP`, `NUMERO_ISSS`, `FECHA_INGRESO`, `FECHA_CONTRATACION`, `SALARIO`, `CORREO_ELECTRONICO_INSTITUCIONAL`, `CORREO_ELECTRONICO_PERSONAL`, `NIVEL_ESTUDIOS`, `ID_EMPLEADO_JEFE`, `FECHA_RETIRO`, `HORARIO_TRABAJO`, `ID_USUARIO_CREO_EMPLEADO`, `FECHA_HORA_CREACION_EMPLEADO`) values('76','18','50','3','2','32','3','1','1','38','0076','Roberto','Josimar','Campos','Flores','1995-12-09','00000080','2013-12-04','00000000000076','0000076','00000076','2019-03-17','2019-03-17','615.00','correo@ues.com','correo@ues.com','UNIVERSITARIOS','12','0000-00-00','ADMINISTRATIVO','1','2020-06-04 00:00:00');
insert into `empleados` (`ID_EMPLEADO`, `ID_PUESTO`, `ID_PROFESION_OFICIO`, `ID_ESTADO_CIVIL`, `ID_GENERO`, `ID_SUB_SECCION`, `ID_TIPO_CONTRATACION`, `ID_AFP`, `ID_ESTADO`, `ID_MUNICIPIO`, `CODIGO_EMPLEADO`, `NOMBRE_PRIMERO`, `NOMBRE_SEGUNDO`, `APELLIDO_PATERNO`, `APELLIDO_MATERNO`, `FECHA_NACIMIENTO`, `NUMERO_DOCUMENTO`, `FECHA_EXPEDICION`, `NIT`, `NUP`, `NUMERO_ISSS`, `FECHA_INGRESO`, `FECHA_CONTRATACION`, `SALARIO`, `CORREO_ELECTRONICO_INSTITUCIONAL`, `CORREO_ELECTRONICO_PERSONAL`, `NIVEL_ESTUDIOS`, `ID_EMPLEADO_JEFE`, `FECHA_RETIRO`, `HORARIO_TRABAJO`, `ID_USUARIO_CREO_EMPLEADO`, `FECHA_HORA_CREACION_EMPLEADO`) values('77','19','50','3','2','1','3','1','1','39','0077','Salvador','Enrique','Ramos','Rodr','1995-12-10','00000081','2013-12-05','00000000000077','0000077','00000077','2019-03-18','2019-03-18','540.00','correo@ues.com','correo@ues.com','UNIVERSITARIOS','13','0000-00-00','ADMINISTRATIVO','1','2020-06-05 00:00:00');
insert into `empleados` (`ID_EMPLEADO`, `ID_PUESTO`, `ID_PROFESION_OFICIO`, `ID_ESTADO_CIVIL`, `ID_GENERO`, `ID_SUB_SECCION`, `ID_TIPO_CONTRATACION`, `ID_AFP`, `ID_ESTADO`, `ID_MUNICIPIO`, `CODIGO_EMPLEADO`, `NOMBRE_PRIMERO`, `NOMBRE_SEGUNDO`, `APELLIDO_PATERNO`, `APELLIDO_MATERNO`, `FECHA_NACIMIENTO`, `NUMERO_DOCUMENTO`, `FECHA_EXPEDICION`, `NIT`, `NUP`, `NUMERO_ISSS`, `FECHA_INGRESO`, `FECHA_CONTRATACION`, `SALARIO`, `CORREO_ELECTRONICO_INSTITUCIONAL`, `CORREO_ELECTRONICO_PERSONAL`, `NIVEL_ESTUDIOS`, `ID_EMPLEADO_JEFE`, `FECHA_RETIRO`, `HORARIO_TRABAJO`, `ID_USUARIO_CREO_EMPLEADO`, `FECHA_HORA_CREACION_EMPLEADO`) values('78','20','50','3','2','2','3','1','1','40','0078','Samuel','De','Jes','Garc','1995-12-11','00000082','2013-12-06','00000000000078','0000078','00000078','2019-03-19','2019-03-19','435.00','correo@ues.com','correo@ues.com','UNIVERSITARIOS','14','0000-00-00','ADMINISTRATIVO','1','2020-06-06 00:00:00');
insert into `empleados` (`ID_EMPLEADO`, `ID_PUESTO`, `ID_PROFESION_OFICIO`, `ID_ESTADO_CIVIL`, `ID_GENERO`, `ID_SUB_SECCION`, `ID_TIPO_CONTRATACION`, `ID_AFP`, `ID_ESTADO`, `ID_MUNICIPIO`, `CODIGO_EMPLEADO`, `NOMBRE_PRIMERO`, `NOMBRE_SEGUNDO`, `APELLIDO_PATERNO`, `APELLIDO_MATERNO`, `FECHA_NACIMIENTO`, `NUMERO_DOCUMENTO`, `FECHA_EXPEDICION`, `NIT`, `NUP`, `NUMERO_ISSS`, `FECHA_INGRESO`, `FECHA_CONTRATACION`, `SALARIO`, `CORREO_ELECTRONICO_INSTITUCIONAL`, `CORREO_ELECTRONICO_PERSONAL`, `NIVEL_ESTUDIOS`, `ID_EMPLEADO_JEFE`, `FECHA_RETIRO`, `HORARIO_TRABAJO`, `ID_USUARIO_CREO_EMPLEADO`, `FECHA_HORA_CREACION_EMPLEADO`) values('79','21','50','3','1','3','3','1','1','41','0079','Sandra','Ver','Cornejo','L','1997-03-05','00000083','2015-03-01','00000000000079','0000079','00000079','2019-03-20','2019-03-20','385.00','correo@ues.com','correo@ues.com','UNIVERSITARIOS','15','0000-00-00','ADMINISTRATIVO','1','2020-06-07 00:00:00');
insert into `empleados` (`ID_EMPLEADO`, `ID_PUESTO`, `ID_PROFESION_OFICIO`, `ID_ESTADO_CIVIL`, `ID_GENERO`, `ID_SUB_SECCION`, `ID_TIPO_CONTRATACION`, `ID_AFP`, `ID_ESTADO`, `ID_MUNICIPIO`, `CODIGO_EMPLEADO`, `NOMBRE_PRIMERO`, `NOMBRE_SEGUNDO`, `APELLIDO_PATERNO`, `APELLIDO_MATERNO`, `FECHA_NACIMIENTO`, `NUMERO_DOCUMENTO`, `FECHA_EXPEDICION`, `NIT`, `NUP`, `NUMERO_ISSS`, `FECHA_INGRESO`, `FECHA_CONTRATACION`, `SALARIO`, `CORREO_ELECTRONICO_INSTITUCIONAL`, `CORREO_ELECTRONICO_PERSONAL`, `NIVEL_ESTUDIOS`, `ID_EMPLEADO_JEFE`, `FECHA_RETIRO`, `HORARIO_TRABAJO`, `ID_USUARIO_CREO_EMPLEADO`, `FECHA_HORA_CREACION_EMPLEADO`) values('80','22','50','4','2','4','3','1','1','42','0080','Santos','Alberto','Vides','Ramirez','1997-03-06','00000084','2015-03-02','00000000000080','0000080','00000080','2019-03-21','2019-03-21','300.00','correo@ues.com','correo@ues.com','UNIVERSITARIOS','16','0000-00-00','ADMINISTRATIVO','1','2020-06-08 00:00:00');
insert into `empleados` (`ID_EMPLEADO`, `ID_PUESTO`, `ID_PROFESION_OFICIO`, `ID_ESTADO_CIVIL`, `ID_GENERO`, `ID_SUB_SECCION`, `ID_TIPO_CONTRATACION`, `ID_AFP`, `ID_ESTADO`, `ID_MUNICIPIO`, `CODIGO_EMPLEADO`, `NOMBRE_PRIMERO`, `NOMBRE_SEGUNDO`, `APELLIDO_PATERNO`, `APELLIDO_MATERNO`, `FECHA_NACIMIENTO`, `NUMERO_DOCUMENTO`, `FECHA_EXPEDICION`, `NIT`, `NUP`, `NUMERO_ISSS`, `FECHA_INGRESO`, `FECHA_CONTRATACION`, `SALARIO`, `CORREO_ELECTRONICO_INSTITUCIONAL`, `CORREO_ELECTRONICO_PERSONAL`, `NIVEL_ESTUDIOS`, `ID_EMPLEADO_JEFE`, `FECHA_RETIRO`, `HORARIO_TRABAJO`, `ID_USUARIO_CREO_EMPLEADO`, `FECHA_HORA_CREACION_EMPLEADO`) values('81','23','50','4','2','5','3','1','1','43','0081','Tobias','Alexander','Santamaria','Diaz','1997-03-07','00000085','2015-03-03','00000000000081','0000081','00000081','2019-03-22','2019-03-22','400.00','correo@ues.com','correo@ues.com','UNIVERSITARIOS','17','0000-00-00','ADMINISTRATIVO','1','2020-06-09 00:00:00');
insert into `empleados` (`ID_EMPLEADO`, `ID_PUESTO`, `ID_PROFESION_OFICIO`, `ID_ESTADO_CIVIL`, `ID_GENERO`, `ID_SUB_SECCION`, `ID_TIPO_CONTRATACION`, `ID_AFP`, `ID_ESTADO`, `ID_MUNICIPIO`, `CODIGO_EMPLEADO`, `NOMBRE_PRIMERO`, `NOMBRE_SEGUNDO`, `APELLIDO_PATERNO`, `APELLIDO_MATERNO`, `FECHA_NACIMIENTO`, `NUMERO_DOCUMENTO`, `FECHA_EXPEDICION`, `NIT`, `NUP`, `NUMERO_ISSS`, `FECHA_INGRESO`, `FECHA_CONTRATACION`, `SALARIO`, `CORREO_ELECTRONICO_INSTITUCIONAL`, `CORREO_ELECTRONICO_PERSONAL`, `NIVEL_ESTUDIOS`, `ID_EMPLEADO_JEFE`, `FECHA_RETIRO`, `HORARIO_TRABAJO`, `ID_USUARIO_CREO_EMPLEADO`, `FECHA_HORA_CREACION_EMPLEADO`) values('82','24','50','4','1','6','3','1','1','44','0082','Vanessa','Carolina','Nu','Ram','1997-03-08','00000086','2015-03-04','00000000000082','0000082','00000082','2019-03-23','2019-03-23','500.00','correo@ues.com','correo@ues.com','UNIVERSITARIOS','18','0000-00-00','ADMINISTRATIVO','1','2020-06-10 00:00:00');
insert into `empleados` (`ID_EMPLEADO`, `ID_PUESTO`, `ID_PROFESION_OFICIO`, `ID_ESTADO_CIVIL`, `ID_GENERO`, `ID_SUB_SECCION`, `ID_TIPO_CONTRATACION`, `ID_AFP`, `ID_ESTADO`, `ID_MUNICIPIO`, `CODIGO_EMPLEADO`, `NOMBRE_PRIMERO`, `NOMBRE_SEGUNDO`, `APELLIDO_PATERNO`, `APELLIDO_MATERNO`, `FECHA_NACIMIENTO`, `NUMERO_DOCUMENTO`, `FECHA_EXPEDICION`, `NIT`, `NUP`, `NUMERO_ISSS`, `FECHA_INGRESO`, `FECHA_CONTRATACION`, `SALARIO`, `CORREO_ELECTRONICO_INSTITUCIONAL`, `CORREO_ELECTRONICO_PERSONAL`, `NIVEL_ESTUDIOS`, `ID_EMPLEADO_JEFE`, `FECHA_RETIRO`, `HORARIO_TRABAJO`, `ID_USUARIO_CREO_EMPLEADO`, `FECHA_HORA_CREACION_EMPLEADO`) values('83','25','50','4','1','7','3','1','1','45','0083','Vanessa','Jeannette','Castro','Figueroa','1997-03-09','00000087','2015-03-05','00000000000083','0000083','00000083','2019-03-24','2019-03-24','600.00','correo@ues.com','correo@ues.com','UNIVERSITARIOS','19','0000-00-00','ADMINISTRATIVO','1','2020-06-11 00:00:00');
insert into `empleados` (`ID_EMPLEADO`, `ID_PUESTO`, `ID_PROFESION_OFICIO`, `ID_ESTADO_CIVIL`, `ID_GENERO`, `ID_SUB_SECCION`, `ID_TIPO_CONTRATACION`, `ID_AFP`, `ID_ESTADO`, `ID_MUNICIPIO`, `CODIGO_EMPLEADO`, `NOMBRE_PRIMERO`, `NOMBRE_SEGUNDO`, `APELLIDO_PATERNO`, `APELLIDO_MATERNO`, `FECHA_NACIMIENTO`, `NUMERO_DOCUMENTO`, `FECHA_EXPEDICION`, `NIT`, `NUP`, `NUMERO_ISSS`, `FECHA_INGRESO`, `FECHA_CONTRATACION`, `SALARIO`, `CORREO_ELECTRONICO_INSTITUCIONAL`, `CORREO_ELECTRONICO_PERSONAL`, `NIVEL_ESTUDIOS`, `ID_EMPLEADO_JEFE`, `FECHA_RETIRO`, `HORARIO_TRABAJO`, `ID_USUARIO_CREO_EMPLEADO`, `FECHA_HORA_CREACION_EMPLEADO`) values('84','26','50','4','2','8','3','1','3','46','0084','V','Alejandro','Gonz','Ar','1997-03-10','00000088','2015-03-06','00000000000084','0000084','00000084','2019-03-25','2019-03-25','700.00','correo@ues.com','correo@ues.com','UNIVERSITARIOS','20','0000-00-00','ADMINISTRATIVO','1','2020-06-12 00:00:00');
insert into `empleados` (`ID_EMPLEADO`, `ID_PUESTO`, `ID_PROFESION_OFICIO`, `ID_ESTADO_CIVIL`, `ID_GENERO`, `ID_SUB_SECCION`, `ID_TIPO_CONTRATACION`, `ID_AFP`, `ID_ESTADO`, `ID_MUNICIPIO`, `CODIGO_EMPLEADO`, `NOMBRE_PRIMERO`, `NOMBRE_SEGUNDO`, `APELLIDO_PATERNO`, `APELLIDO_MATERNO`, `FECHA_NACIMIENTO`, `NUMERO_DOCUMENTO`, `FECHA_EXPEDICION`, `NIT`, `NUP`, `NUMERO_ISSS`, `FECHA_INGRESO`, `FECHA_CONTRATACION`, `SALARIO`, `CORREO_ELECTRONICO_INSTITUCIONAL`, `CORREO_ELECTRONICO_PERSONAL`, `NIVEL_ESTUDIOS`, `ID_EMPLEADO_JEFE`, `FECHA_RETIRO`, `HORARIO_TRABAJO`, `ID_USUARIO_CREO_EMPLEADO`, `FECHA_HORA_CREACION_EMPLEADO`) values('85','27','50','4','2','9','3','1','1','47','0085','Waldo','Antonio','Lobos','Rodas','1997-03-11','00000089','2015-03-07','00000000000085','0000085','00000085','2019-03-26','2019-03-26','800.00','correo@ues.com','correo@ues.com','UNIVERSITARIOS','21','0000-00-00','ADMINISTRATIVO','1','2020-06-13 00:00:00');
insert into `empleados` (`ID_EMPLEADO`, `ID_PUESTO`, `ID_PROFESION_OFICIO`, `ID_ESTADO_CIVIL`, `ID_GENERO`, `ID_SUB_SECCION`, `ID_TIPO_CONTRATACION`, `ID_AFP`, `ID_ESTADO`, `ID_MUNICIPIO`, `CODIGO_EMPLEADO`, `NOMBRE_PRIMERO`, `NOMBRE_SEGUNDO`, `APELLIDO_PATERNO`, `APELLIDO_MATERNO`, `FECHA_NACIMIENTO`, `NUMERO_DOCUMENTO`, `FECHA_EXPEDICION`, `NIT`, `NUP`, `NUMERO_ISSS`, `FECHA_INGRESO`, `FECHA_CONTRATACION`, `SALARIO`, `CORREO_ELECTRONICO_INSTITUCIONAL`, `CORREO_ELECTRONICO_PERSONAL`, `NIVEL_ESTUDIOS`, `ID_EMPLEADO_JEFE`, `FECHA_RETIRO`, `HORARIO_TRABAJO`, `ID_USUARIO_CREO_EMPLEADO`, `FECHA_HORA_CREACION_EMPLEADO`) values('86','1','50','4','2','10','3','1','1','48','0086','Walter','Baudilio','Luna','Pe','1997-03-12','00000090','2015-03-08','00000000000086','0000086','00000086','2019-03-27','2019-03-27','900.00','correo@ues.com','correo@ues.com','UNIVERSITARIOS','22','0000-00-00','ADMINISTRATIVO','1','2020-06-14 00:00:00');
insert into `empleados` (`ID_EMPLEADO`, `ID_PUESTO`, `ID_PROFESION_OFICIO`, `ID_ESTADO_CIVIL`, `ID_GENERO`, `ID_SUB_SECCION`, `ID_TIPO_CONTRATACION`, `ID_AFP`, `ID_ESTADO`, `ID_MUNICIPIO`, `CODIGO_EMPLEADO`, `NOMBRE_PRIMERO`, `NOMBRE_SEGUNDO`, `APELLIDO_PATERNO`, `APELLIDO_MATERNO`, `FECHA_NACIMIENTO`, `NUMERO_DOCUMENTO`, `FECHA_EXPEDICION`, `NIT`, `NUP`, `NUMERO_ISSS`, `FECHA_INGRESO`, `FECHA_CONTRATACION`, `SALARIO`, `CORREO_ELECTRONICO_INSTITUCIONAL`, `CORREO_ELECTRONICO_PERSONAL`, `NIVEL_ESTUDIOS`, `ID_EMPLEADO_JEFE`, `FECHA_RETIRO`, `HORARIO_TRABAJO`, `ID_USUARIO_CREO_EMPLEADO`, `FECHA_HORA_CREACION_EMPLEADO`) values('87','2','50','4','2','11','3','1','1','49','0087','Walter','Enrique','Velis','Jaimes','1997-03-13','00000091','2015-03-09','00000000000087','0000087','00000087','2019-03-28','2019-03-28','1000.00','correo@ues.com','correo@ues.com','UNIVERSITARIOS','23','0000-00-00','ADMINISTRATIVO','1','2020-06-15 00:00:00');
insert into `empleados` (`ID_EMPLEADO`, `ID_PUESTO`, `ID_PROFESION_OFICIO`, `ID_ESTADO_CIVIL`, `ID_GENERO`, `ID_SUB_SECCION`, `ID_TIPO_CONTRATACION`, `ID_AFP`, `ID_ESTADO`, `ID_MUNICIPIO`, `CODIGO_EMPLEADO`, `NOMBRE_PRIMERO`, `NOMBRE_SEGUNDO`, `APELLIDO_PATERNO`, `APELLIDO_MATERNO`, `FECHA_NACIMIENTO`, `NUMERO_DOCUMENTO`, `FECHA_EXPEDICION`, `NIT`, `NUP`, `NUMERO_ISSS`, `FECHA_INGRESO`, `FECHA_CONTRATACION`, `SALARIO`, `CORREO_ELECTRONICO_INSTITUCIONAL`, `CORREO_ELECTRONICO_PERSONAL`, `NIVEL_ESTUDIOS`, `ID_EMPLEADO_JEFE`, `FECHA_RETIRO`, `HORARIO_TRABAJO`, `ID_USUARIO_CREO_EMPLEADO`, `FECHA_HORA_CREACION_EMPLEADO`) values('88','3','50','4','2','12','3','1','1','50','0088','Wilfredo','Alexander','Cer','V','1997-03-14','00000092','2015-03-10','00000000000088','0000088','00000088','2019-03-29','2019-03-29','975.00','correo@ues.com','correo@ues.com','UNIVERSITARIOS','24','0000-00-00','ADMINISTRATIVO','1','2020-06-16 00:00:00');
insert into `empleados` (`ID_EMPLEADO`, `ID_PUESTO`, `ID_PROFESION_OFICIO`, `ID_ESTADO_CIVIL`, `ID_GENERO`, `ID_SUB_SECCION`, `ID_TIPO_CONTRATACION`, `ID_AFP`, `ID_ESTADO`, `ID_MUNICIPIO`, `CODIGO_EMPLEADO`, `NOMBRE_PRIMERO`, `NOMBRE_SEGUNDO`, `APELLIDO_PATERNO`, `APELLIDO_MATERNO`, `FECHA_NACIMIENTO`, `NUMERO_DOCUMENTO`, `FECHA_EXPEDICION`, `NIT`, `NUP`, `NUMERO_ISSS`, `FECHA_INGRESO`, `FECHA_CONTRATACION`, `SALARIO`, `CORREO_ELECTRONICO_INSTITUCIONAL`, `CORREO_ELECTRONICO_PERSONAL`, `NIVEL_ESTUDIOS`, `ID_EMPLEADO_JEFE`, `FECHA_RETIRO`, `HORARIO_TRABAJO`, `ID_USUARIO_CREO_EMPLEADO`, `FECHA_HORA_CREACION_EMPLEADO`) values('89','4','50','5','2','13','3','1','1','51','0089','William','Alexander','Zavala','Arenivar','1997-03-15','00000093','2015-03-11','00000000000089','0000089','00000089','2019-03-30','2019-03-30','850.00','correo@ues.com','correo@ues.com','UNIVERSITARIOS','25','0000-00-00','ADMINISTRATIVO','1','2020-06-17 00:00:00');
insert into `empleados` (`ID_EMPLEADO`, `ID_PUESTO`, `ID_PROFESION_OFICIO`, `ID_ESTADO_CIVIL`, `ID_GENERO`, `ID_SUB_SECCION`, `ID_TIPO_CONTRATACION`, `ID_AFP`, `ID_ESTADO`, `ID_MUNICIPIO`, `CODIGO_EMPLEADO`, `NOMBRE_PRIMERO`, `NOMBRE_SEGUNDO`, `APELLIDO_PATERNO`, `APELLIDO_MATERNO`, `FECHA_NACIMIENTO`, `NUMERO_DOCUMENTO`, `FECHA_EXPEDICION`, `NIT`, `NUP`, `NUMERO_ISSS`, `FECHA_INGRESO`, `FECHA_CONTRATACION`, `SALARIO`, `CORREO_ELECTRONICO_INSTITUCIONAL`, `CORREO_ELECTRONICO_PERSONAL`, `NIVEL_ESTUDIOS`, `ID_EMPLEADO_JEFE`, `FECHA_RETIRO`, `HORARIO_TRABAJO`, `ID_USUARIO_CREO_EMPLEADO`, `FECHA_HORA_CREACION_EMPLEADO`) values('90','5','50','5','2','14','3','1','1','52','0090','William','Antonio','Coto','Olmedo','1997-03-16','00000094','2015-03-12','00000000000090','0000090','00000090','2019-03-31','2019-03-31','725.00','correo@ues.com','correo@ues.com','UNIVERSITARIOS','26','0000-00-00','ADMINISTRATIVO','1','2020-06-18 00:00:00');
insert into `empleados` (`ID_EMPLEADO`, `ID_PUESTO`, `ID_PROFESION_OFICIO`, `ID_ESTADO_CIVIL`, `ID_GENERO`, `ID_SUB_SECCION`, `ID_TIPO_CONTRATACION`, `ID_AFP`, `ID_ESTADO`, `ID_MUNICIPIO`, `CODIGO_EMPLEADO`, `NOMBRE_PRIMERO`, `NOMBRE_SEGUNDO`, `APELLIDO_PATERNO`, `APELLIDO_MATERNO`, `FECHA_NACIMIENTO`, `NUMERO_DOCUMENTO`, `FECHA_EXPEDICION`, `NIT`, `NUP`, `NUMERO_ISSS`, `FECHA_INGRESO`, `FECHA_CONTRATACION`, `SALARIO`, `CORREO_ELECTRONICO_INSTITUCIONAL`, `CORREO_ELECTRONICO_PERSONAL`, `NIVEL_ESTUDIOS`, `ID_EMPLEADO_JEFE`, `FECHA_RETIRO`, `HORARIO_TRABAJO`, `ID_USUARIO_CREO_EMPLEADO`, `FECHA_HORA_CREACION_EMPLEADO`) values('91','6','50','5','1','15','3','1','1','53','0091','Yesenia','Elizabeth','Rodr','Garc','1997-03-17','00000095','2015-03-13','00000000000091','0000091','00000091','2019-04-01','2019-04-01','615.00','correo@ues.com','correo@ues.com','UNIVERSITARIOS','27','0000-00-00','ADMINISTRATIVO','1','2020-06-19 00:00:00');
insert into `empleados` (`ID_EMPLEADO`, `ID_PUESTO`, `ID_PROFESION_OFICIO`, `ID_ESTADO_CIVIL`, `ID_GENERO`, `ID_SUB_SECCION`, `ID_TIPO_CONTRATACION`, `ID_AFP`, `ID_ESTADO`, `ID_MUNICIPIO`, `CODIGO_EMPLEADO`, `NOMBRE_PRIMERO`, `NOMBRE_SEGUNDO`, `APELLIDO_PATERNO`, `APELLIDO_MATERNO`, `FECHA_NACIMIENTO`, `NUMERO_DOCUMENTO`, `FECHA_EXPEDICION`, `NIT`, `NUP`, `NUMERO_ISSS`, `FECHA_INGRESO`, `FECHA_CONTRATACION`, `SALARIO`, `CORREO_ELECTRONICO_INSTITUCIONAL`, `CORREO_ELECTRONICO_PERSONAL`, `NIVEL_ESTUDIOS`, `ID_EMPLEADO_JEFE`, `FECHA_RETIRO`, `HORARIO_TRABAJO`, `ID_USUARIO_CREO_EMPLEADO`, `FECHA_HORA_CREACION_EMPLEADO`) values('92','7','50','5','1','16','3','1','1','54','0092','Zoila','Yaneth','Villatoro','Garcia','1997-03-18','00000096','2015-03-14','00000000000092','0000092','00000092','2019-04-02','2019-04-02','540.00','correo@ues.com','correo@ues.com','UNIVERSITARIOS','1','0000-00-00','ADMINISTRATIVO','1','2020-06-20 00:00:00');


/*LLENANDO TABLA DE DOMICILIOS*/
insert  into `DOMICILIOS`(`ID_DOMICILIO`,`ID_EMPLEADO`,`DIRECCION`,`DESDE_FECHA_DOMICILIO`) 
VALUES (1, 1, 'Brisas del mar', '2020-01-01'),
(2, 2, 'Los alpes', '2020-01-02'),
(3, 3, 'Miramar', '2020-01-03'),
(4, 4, 'Buena vista', '2020-01-04');


/*LLENANDO TABLA DE TELEFONOS*/
insert  into `TELEFONOS`(`ID_TELEFONO`,`ID_EMPLEADO`,`TELEFONO`,`TIPO_TELEFONO`, `DESDE_FECHA_TELEFONO`) 
VALUES (1, 1, '22222221', 'fijo', '2020-01-01'),
(2, 1, '70000001', 'movil', '2020-01-02'),
(3, 2, '22222222', 'fijo', '2020-01-01'),
(4, 2, '70000002', 'movil', '2020-01-02'),
(5, 3, '22222223', 'fijo', '2020-01-01'),
(6, 3, '70000003', 'movil', '2020-01-02'),
(7, 4, '22222224', 'fijo', '2020-01-01'),
(8, 4, '70000004', 'movil', '2020-01-02');


/*LLENANDO TABLA DE PRESUPUESTOS*/
insert  into `PRESUPUESTOS`(`ID_PRESUPUESTO`,`ID_DEPARTAMENTO_EMPRESA`,`ANIO`,`MES`, `MONTO_PRESUPUESTOANUAL`) 
VALUES (1, 1, '2020', '6', '176567.90'),
(2, 2, '2020', '6', '176567.90'),
(3, 3, '2020', '6', '234543.00'),
(4, 4, '2020', '6', '125678.20'),
(5, 5, '2020', '6', '34567.40'),
(6, 6, '2020', '6', '212345.80'),
(7, 7, '2020', '6', '127687.04'),
(8, 8, '2020', '6', '132778.30'),
(9, 9, '2020', '6', '145672.40'),
(10, 10, '2020', '6', '167562.50'),
(11, 11, '2020', '6', '123456.10'),
(12, 12, '2020', '6', '233421.20'),
(13, 13, '2020', '6', '187652.80'),
(14, 14, '2020', '6', '153622.93'),
(15, 15, '2020', '6', '231263.23'),
(16, 16, '2020', '6', '278133.34'),
(17, 17, '2020', '6', '145365.54');

/*LLENANDO TABLA DE RANGO_COMISION*/
insert  into `RANGO_COMISION`(`ID_RANGO`,`ID_EMPRESA`,`DESDE_MONTO`,`HASTA_MONTO`, `PORCENTAJE_COMISION`) 
VALUES (1, 1, '1.00', '50.00', '0.25'),
(2, 1, '50.01', '250.00', '1.25'),
(3, 1, '250.01', '500.00', '1.50'),
(4, 1, '500.01', '750.00', '1.75'),
(5, 1, '750.01', '1000.00', '2.00'),
(6, 1, '1000.00', '1000000.00', '2.50');
