/*LLENANDO TABLA DEPARTAMENTOS */;
INSERT INTO `DEPARTAMENTOS` (`ID_DEPARTAMENTO`,`NOMBRE_DEPARTAMENTO`) VALUES
	(1, 'Ahuachapán'),
	(2, 'Santa Ana'),
	(3, 'Sonsonate'),
	(4, 'La Libertad'),
	(5, 'Chalatenango'),
	(6, 'San Salvador'),
	(7, 'Cuscatlán'),
	(8, 'La Paz'),
	(9, 'Cabañas'),
	(10, 'San Vicente'),
	(11, 'Usulután'),
	(12, 'Morazán'),
	(13, 'San Miguel'),
	(14, 'La Unión');

/*LLENANDO TABLA MUNICIPIOS */;
INSERT INTO `MUNICIPIOS` (`ID_MUNICIPIO`, `NOMBRE_MUNICIPIO`, `ID_DEPARTAMENTO`) VALUES
	(1, 'Ahuachapán', 1),
	(2, 'Jujutla', 1),
	(3, 'Atiquizaya', 1),
	(4, 'Concepción de Ataco', 1),
	(5, 'El Refugio', 1),
	(6, 'Guaymango', 1),
	(7, 'Apaneca', 1),
	(8, 'San Francisco Menéndez', 1),
	(9, 'San Lorenzo', 1),
	(10, 'San Pedro Puxtla', 1),
	(11, 'Tacuba', 1),
	(12, 'Turín', 1),
	(13, 'Candelaria de la Frontera', 2),
	(14, 'Chalchuapa', 2),
	(15, 'Coatepeque', 2),
	(16, 'El Congo', 2),
	(17, 'El Porvenir', 2),
	(18, 'Masahuat', 2),
	(19, 'Metapán', 2),
	(20, 'San Antonio Pajonal', 2),
	(21, 'San Sebastián Salitrillo', 2),
	(22, 'Santa Ana', 2),
	(23, 'Santa Rosa Guachipilín', 2),
	(24, 'Santiago de la Frontera', 2),
	(25, 'Texistepeque', 2),
	(26, 'Acajutla', 3),
	(27, 'Armenia', 3),
	(28, 'Caluco', 3),
	(29, 'Cuisnahuat', 3),
	(30, 'Izalco', 3),
	(31, 'Juayúa', 3),
	(32, 'Nahuizalco', 3),
	(33, 'Nahulingo', 3),
	(34, 'Salcoatitán', 3),
	(35, 'San Antonio del Monte', 3),
	(36, 'San Julián', 3),
	(37, 'Santa Catarina Masahuat', 3),
	(38, 'Santa Isabel Ishuatán', 3),
	(39, 'Santo Domingo de Guzmán', 3),
	(40, 'Sonsonate', 3),
	(41, 'Sonzacate', 3),
	(42, 'Alegría', 11),
	(43, 'Berlín', 11),
	(44, 'California', 11),
	(45, 'Concepción Batres', 11),
	(46, 'El Triunfo', 11),
	(47, 'Ereguayquín', 11),
	(48, 'Estanzuelas', 11),
	(49, 'Jiquilisco', 11),
	(50, 'Jucuapa', 11),
	(51, 'Jucuarán', 11),
	(52, 'Mercedes Umaña', 11),
	(53, 'Nueva Granada', 11),
	(54, 'Ozatlán', 11),
	(55, 'Puerto El Triunfo', 11),
	(56, 'San Agustín', 11),
	(57, 'San Buenaventura', 11),
	(58, 'San Dionisio', 11),
	(59, 'San Francisco Javier', 11),
	(60, 'Santa Elena', 11),
	(61, 'Santa María', 11),
	(62, 'Santiago de María', 11),
	(63, 'Tecapán', 11),
	(64, 'Usulután', 11),
	(65, 'Carolina', 13),
	(66, 'Chapeltique', 13),
	(67, 'Chinameca', 13),
	(68, 'Chirilagua', 13),
	(69, 'Ciudad Barrios', 13),
	(70, 'Comacarán', 13),
	(71, 'El Tránsito', 13),
	(72, 'Lolotique', 13),
	(73, 'Moncagua', 13),
	(74, 'Nueva Guadalupe', 13),
	(75, 'Nuevo Edén de San Juan', 13),
	(76, 'Quelepa', 13),
	(77, 'San Antonio del Mosco', 13),
	(78, 'San Gerardo', 13),
	(79, 'San Jorge', 13),
	(80, 'San Luis de la Reina', 13),
	(81, 'San Miguel', 13),
	(82, 'San Rafael Oriente', 13),
	(83, 'Sesori', 13),
	(84, 'Uluazapa', 13),
	(85, 'Arambala', 12),
	(86, 'Cacaopera', 12),
	(87, 'Chilanga', 12),
	(88, 'Corinto', 12),
	(89, 'Delicias de Concepción', 12),
	(90, 'El Divisadero', 12),
	(91, 'El Rosario (Morazán)', 12),
	(92, 'Gualococti', 12),
	(93, 'Guatajiagua', 12),
	(94, 'Joateca', 12),
	(95, 'Jocoaitique', 12),
	(96, 'Jocoro', 12),
	(97, 'Lolotiquillo', 12),
	(98, 'Meanguera', 12),
	(99, 'Osicala', 12),
	(100, 'Perquín', 12),
	(101, 'San Carlos', 12),
	(102, 'San Fernando (Morazán)', 12),
	(103, 'San Francisco Gotera', 12),
	(104, 'San Isidro (Morazán)', 12),
	(105, 'San Simón', 12),
	(106, 'Sensembra', 12),
	(107, 'Sociedad', 12),
	(108, 'Torola', 12),
	(109, 'Yamabal', 12),
	(110, 'Yoloaiquín', 12),
	(111, 'La Unión', 14),
	(112, 'San Alejo', 14),
	(113, 'Yucuaiquín', 14),
	(114, 'Conchagua', 14),
	(115, 'Intipucá', 14),
	(116, 'San José', 14),
	(117, 'El Carmen (La Unión)', 14),
	(118, 'Yayantique', 14),
	(119, 'Bolívar', 14),
	(120, 'Meanguera del Golfo', 14),
	(121, 'Santa Rosa de Lima', 14),
	(122, 'Pasaquina', 14),
	(123, 'Anamoros', 14),
	(124, 'Nueva Esparta', 14),
	(125, 'El Sauce', 14),
	(126, 'Concepción de Oriente', 14),
	(127, 'Polorós', 14),
	(128, 'Lislique', 14),
	(129, 'Antiguo Cuscatlán', 4),
	(130, 'Chiltiupán', 4),
	(131, 'Ciudad Arce', 4),
	(132, 'Colón', 4),
	(133, 'Comasagua', 4),
	(134, 'Huizúcar', 4),
	(135, 'Jayaque', 4),
	(136, 'Jicalapa', 4),
	(137, 'La Libertad', 4),
	(138, 'Santa Tecla', 4),
	(139, 'Nuevo Cuscatlán', 4),
	(140, 'San Juan Opico', 4),
	(141, 'Quezaltepeque', 4),
	(142, 'Sacacoyo', 4),
	(143, 'San José Villanueva', 4),
	(144, 'San Matías', 4),
	(145, 'San Pablo Tacachico', 4),
	(146, 'Talnique', 4),
	(147, 'Tamanique', 4),
	(148, 'Teotepeque', 4),
	(149, 'Tepecoyo', 4),
	(150, 'Zaragoza', 4),
	(151, 'Agua Caliente', 5),
	(152, 'Arcatao', 5),
	(153, 'Azacualpa', 5),
	(154, 'Cancasque', 5),
	(155, 'Chalatenango', 5),
	(156, 'Citalá', 5),
	(157, 'Comapala', 5),
	(158, 'Concepción Quezaltepeque', 5),
	(159, 'Dulce Nombre de María', 5),
	(160, 'El Carrizal', 5),
	(161, 'El Paraíso', 5),
	(162, 'La Laguna', 5),
	(163, 'La Palma', 5),
	(164, 'La Reina', 5),
	(165, 'Las Vueltas', 5),
	(166, 'Nueva Concepción', 5),
	(167, 'Nueva Trinidad', 5),
	(168, 'Nombre de Jesús', 5),
	(169, 'Ojos de Agua', 5),
	(170, 'Potonico', 5),
	(171, 'San Antonio de la Cruz', 5),
	(172, 'San Antonio Los Ranchos', 5),
	(173, 'San Fernando (Chalatenango)', 5),
	(174, 'San Francisco Lempa', 5),
	(175, 'San Francisco Morazán', 5),
	(176, 'San Ignacio', 5),
	(177, 'San Isidro Labrador', 5),
	(178, 'Las Flores', 5),
	(179, 'San Luis del Carmen', 5),
	(180, 'San Miguel de Mercedes', 5),
	(181, 'San Rafael', 5),
	(182, 'Santa Rita', 5),
	(183, 'Tejutla', 5),
	(184, 'Cojutepeque', 7),
	(185, 'Candelaria', 7),
	(186, 'El Carmen (Cuscatlán)', 7),
	(187, 'El Rosario (Cuscatlán)', 7),
	(188, 'Monte San Juan', 7),
	(189, 'Oratorio de Concepción', 7),
	(190, 'San Bartolomé Perulapía', 7),
	(191, 'San Cristóbal', 7),
	(192, 'San José Guayabal', 7),
	(193, 'San Pedro Perulapán', 7),
	(194, 'San Rafael Cedros', 7),
	(195, 'San Ramón', 7),
	(196, 'Santa Cruz Analquito', 7),
	(197, 'Santa Cruz Michapa', 7),
	(198, 'Suchitoto', 7),
	(199, 'Tenancingo', 7),
	(200, 'Aguilares', 6),
	(201, 'Apopa', 6),
	(202, 'Ayutuxtepeque', 6),
	(203, 'Cuscatancingo', 6),
	(204, 'Ciudad Delgado', 6),
	(205, 'El Paisnal', 6),
	(206, 'Guazapa', 6),
	(207, 'Ilopango', 6),
	(208, 'Mejicanos', 6),
	(209, 'Nejapa', 6),
	(210, 'Panchimalco', 6),
	(211, 'Rosario de Mora', 6),
	(212, 'San Marcos', 6),
	(213, 'San Martín', 6),
	(214, 'San Salvador', 6),
	(215, 'Santiago Texacuangos', 6),
	(216, 'Santo Tomás', 6),
	(217, 'Soyapango', 6),
	(218, 'Tonacatepeque', 6),
	(219, 'Zacatecoluca', 8),
	(220, 'Cuyultitán', 8),
	(221, 'El Rosario (La Paz)', 8),
	(222, 'Jerusalén', 8),
	(223, 'Mercedes La Ceiba', 8),
	(224, 'Olocuilta', 8),
	(225, 'Paraíso de Osorio', 8),
	(226, 'San Antonio Masahuat', 8),
	(227, 'San Emigdio', 8),
	(228, 'San Francisco Chinameca', 8),
	(229, 'San Pedro Masahuat', 8),
	(230, 'San Juan Nonualco', 8),
	(231, 'San Juan Talpa', 8),
	(232, 'San Juan Tepezontes', 8),
	(233, 'San Luis La Herradura', 8),
	(234, 'San Luis Talpa', 8),
	(235, 'San Miguel Tepezontes', 8),
	(236, 'San Pedro Nonualco', 8),
	(237, 'San Rafael Obrajuelo', 8),
	(238, 'Santa María Ostuma', 8),
	(239, 'Santiago Nonualco', 8),
	(240, 'Tapalhuaca', 8),
	(241, 'Cinquera', 9),
	(242, 'Dolores', 9),
	(243, 'Guacotecti', 9),
	(244, 'Ilobasco', 9),
	(245, 'Jutiapa', 9),
	(246, 'San Isidro (Cabañas)', 9),
	(247, 'Sensuntepeque', 9),
	(248, 'Tejutepeque', 9),
	(249, 'Victoria', 9),
	(250, 'Apastepeque', 10),
	(251, 'Guadalupe', 10),
	(252, 'San Cayetano Istepeque', 10),
	(253, 'San Esteban Catarina', 10),
	(254, 'San Ildefonso', 10),
	(255, 'San Lorenzo', 10),
	(256, 'San Sebastián', 10),
	(257, 'San Vicente', 10),
	(258, 'Santa Clara', 10),
	(259, 'Santo Domingo', 10),
	(260, 'Tecoluca', 10),
	(261, 'Tepetitán', 10),
	(262, 'Verapaz', 10);


/*LLENANDO TABLA ESTADO_CIVIL */;
INSERT INTO `ESTADOS_CIVIL` (`ID_ESTADO_CIVIL`, `NOMBRE_ESTADO_CIVIL`) VALUES
	(1, 'Soltero/a'),
	(2, 'Casado/a'),
	(3, 'Divorsiado/a'),
	(4, 'Viudo/a'),
	(5, 'Acompañado/a');

/*LLENANDO TABLA GENERO */;
INSERT INTO `GENEROS` (`ID_GENERO`, `DESCRIPCION_GENERO`) VALUES
	(1, 'Femenino'),
	(2, 'Masculino'),
	(3, 'Lesbiana'),
	(4, 'Gay'),
	(5, 'Bisexual');

/*LLENANDO TABLA TIPOS_CONTRATACION */;
INSERT INTO `TIPOS_CONTRATACION` (`ID_TIPO_CONTRATACION`, `NOMBRE_CONTRATACION`) VALUES
	(1, 'Contrato por tiempo indefinido'),
	(2, 'Contrato por periodo determinado'),
	(3, 'Contrato por servicios profesionales'),
	(4, 'Contrato para un periodo de prueba'),
	(5, 'Contrato para interinatos');

/*LLENANDO TABLA ESTADO_EMPLEADOS */;
INSERT INTO `ESTADO_EMPLEADOS` (`ID_ESTADO`, `NOMBRE_ESTADO`, `AFECTA_CALCULO`) VALUES
	(1, 'Activo', 0),
	(2, 'Vacaciones', 1),
	(3, 'Inactivo', 1),
	(4, 'Despedido', 1);


/*LLENANDO TABLA AFPS */
insert  into `afps`(`ID_AFP`,`NOMBRE_AFP`,`PORCENTAJE_LABORAL`,`PORCENTAJE_PATRONAL`,`LIMITE_MAXIMO_AFP`) 
values (1,'CONFIA','7.25','6.75','6900.00'),
(2,'CRECER','7.25','6.75','6900.00'),
(3,'IPSFA','6.00','6.00','6900.00'),
(4,'UPISSS','6.00','6.00','6900.00'),
(5,'SIN AFILIACION','10.00','0.00','6900.00');


/*LLENANDO TABLA UNIDADES */
insert  into `unidades`(`ID_UNIDAD`,`NOMBRE_UNIDAD`) 
values (1,'GERENCIA GENERAL'),
(2,'GERENCIA ADMINISTRATIVA'),
(3,'GERENCIA FINANCIERA'),(4,'GERENCIA DE VENTAS'),
(5,'GERENCIA DE SUPERMERCADOS'),
(6,'GERENCIA DE PRODUCCION'),
(7,'GERENCIA DE CALIDAD');

/*LLENANDO TABLA DEPARTAMENTOS_EMPRESA*/
insert  into `departamentos_empresa`(`ID_DEPARTAMENTO_EMPRESA`,`ID_UNIDAD`,`NOMBRE_DEPARTAMENTO_EMPRESA`,`CODIGO_CENTRO_COSTO`) 
values (1,2,'ADMINISTRACION','001'),
(2,2,'CONTABILIDAD','002'),
(3,5,'TIENDAS ORIENTE','003'),
(4,5,'TIENDA OCCIDENTE','004'),
(5,5,'TIENDAS PARACENTRAL','005'),
(6,5,'TIENDA METROPOLITANA','006'),
(7,4,'IMPULSACION','007'),
(8,6,'PRODUCCION','008'),
(9,7,'CALIDAD','009'),
(10,6,'MANTENIMIENTO','010'),
(11,4,'EXPORTACIONES','011'),
(12,7,'LOGISTICA','012'),
(13,5,'TIENDAS DE CONVENIENCIA','013'),
(14,4,'MERCADEO','014'),
(15,3,'RECURSOS HUMANOS','015'),
(16,1,'GERENCIAS','016'),
(17,3,'TESORERIA','017');


/*LLENANDO TABLA DE AREAS*/
insert  into `areas`(`IDAREA`,`ID_DEPARTAMENTO_EMPRESA`,`NOMBRE_AREA`) 
values (1,16,'OPERATIVAS'),
(2,16,'ESTRATEGICAS'),
(3,1,'CONSEJO ADMINISTRACION'),
(4,1,'INFORMATICA'),
(5,2,'CONTABILIDAD GENERAL'),
(6,2,'IMPUESTOS'),
(7,2,'COMPRAS'),
(8,2,'COSTOS'),
(9,2,'INVENTARIOS'),
(10,15,'JEFATURA RRHH'),
(11,15,'RECLUTAMIENTO'),
(12,15,'CALCULOS PLANILLA'),
(13,15,'ATENCION AL EMPLEADO'),
(14,17,'CUENTAS POR PAGAR'),
(15,17,'CUENTAS POR COBRAR'),
(16,17,'BANCOS'),
(17,17,'PROGRAMACION FINANCIERA'),
(18,7,'SUPERVISORES IMPULSACION'),
(19,7,'IMPULSADORES'),
(20,11,'EXPORTACIONES'),
(21,14,'MERCADEO'),
(22,3,'SUPERVISORES TIENDAS ORIENTE'),
(23,3,'VENDEDORES ORIENTE'),
(24,4,'SUPERVISORES OCCIDENTE'),
(25,4,'VENDEDORES OCCIDENTE'),
(26,5,'SUPERVISORES PARACENTRAL'),
(27,5,'VENDEDORES PARACENTRAL'),
(28,6,'SUPERVISORES METROPOLITANA'),
(29,6,'VENDEDORES METROPOLITANA'),
(30,13,'VENDEDORES'),
(31,8,'MATERIAS PRIMAS'),
(32,8,'SEMIELABORADOS'),
(33,8,'TERMINADOS'),
(34,10,'MANTENIMIENTO ADMINISTRATIVO'),
(35,10,'BODEGAS Y TIENDAS'),
(36,9,'CALIDAD'),
(37,12,'LOGISTICA');

/*LLENANDO TABLA SECCIONES*/
insert  into `secciones`(`ID_SECCION`,`IDAREA`,`NOMBRE_SECCION`)
 values (1,1,'OPERATIVA NACIONAL'),
(2,1,'OPERATIVA INTERNACIONAL'),
(3,2,'ESTRATEGICA NACIONAL'),
(4,2,'ESTRATEGICA INTERNACIONAL'),
(5,3,'PRESIDENTES'),
(6,3,'ACCIONISTAS DIETAS'),
(7,4,'DESARROLLO INFORMATICA'),
(8,4,'SOPORTE TECNICO'),
(9,5,'CONTABILIDAD GENERAL'),
(10,6,'IMPUESTOS'),
(11,7,'COMPRAS'),
(12,8,'COSTOS'),
(13,9,'BODEGAS'),
(14,9,'SALAS DE VENTAS'),
(15,10,'JEFATURA RRHH'),
(16,11,'RECLUTAMIENTO'),
(17,12,'CALCULOS PLANILLA'),
(18,13,'ATENCION AL EMPLEADO'),
(19,14,'CUENTAS POR PAGAR'),
(20,15,'CUENTAS POR COBRAR'),
(21,16,'BANCOS GENERAL'),
(22,16,'PROGRAMACION DE PAGOS'),
(23,17,'PROGRAMACION FINANCIERA'),
(24,18,'SUPERVISORES IMPULSACION'),
(25,19,'IMPULSADORES'),
(26,20,'EXPORTACIONES'),
(27,21,'OFERTAS'),
(28,21,'ANALISIS DE RESULTADOS'),
(29,22,'SUPERVISORES TIENDAS ORIENTE'),
(30,23,'VENDEDORES ORIENTE'),
(31,24,'SUPERVISORES OCCIDENTE'),
(32,25,'VENDEDORES OCCIDENTE'),
(33,26,'SUPERVISORES PARACENTRAL'),
(34,27,'VENDEDORES PARACENTRAL'),
(35,28,'SUPERVISORES METROPOLITANA'),
(36,29,'VENDEDORES METROPOLITANA'),
(37,30,'VENDEDORES'),
(38,31,'MATERIAS PRIMAS'),
(39,32,'SEMIELABORADOS'),
(40,33,'TERMINADOS'),
(41,34,'LIMPIEZA GENERAL'),
(42,34,'SERVICIOS GENERALES'),
(43,35,'BODEGAS Y TIENDAS'),
(44,36,'CALIDAD'),
(45,37,'LOGISTICA');

/*LLENANDO TABLA DE SUB-SECCIONES*/
insert  into `sub_secciones`(`ID_SUB_SECCION`,`ID_SECCION`,`NOMBRE_SUB_SECCION`) 
values (1,1,'OPERATIVA NACIONAL'),(2,2,'OPERATIVA INTERNACIONAL'),
(3,3,'ESTRATEGICA NACIONAL'),(4,4,'ESTRATEGICA INTERNACIONAL'),
(5,5,'PRESIDENTES'),(6,6,'ACCIONISTAS DIETAS'),(7,7,'DESARROLLO WEB'),
(8,7,'DBA'),(9,7,'ANALISTAS SISTEMAS'),(10,8,'SOPORTE HARDWARE'),
(11,8,'SOPORTE SOFTWARE'),(12,9,'JEFATURA CONTABILIDAD'),
(13,9,'AUXILIARES CONTABLES'),(14,10,'IMPUESTOS INTERNOS'),
(15,10,'IMPUESTOS IMPORTACIONES'),(16,11,'COMPRAS'),
(17,12,'ANALISTA DE COSTOS'),(18,13,'JEFE DE BODEGAS'),
(19,13,'AUXILIARES DE BODEGA'),(20,14,'SALAS DE VENTA'),
(21,15,'JEFATURA RRHH'),(22,16,'RECLUTAMIENTO'),
(23,17,'CALCULOS PLANILLA'),(24,18,'ATENCION AL EMPLEADO'),
(25,19,'CUENTAS POR PAGAR'),(26,20,'CUENTAS POR COBRAR'),
(27,21,'BANCOS GENERAL'),(28,22,'PROGRAMACION DE PAGOS'),
(29,23,'PROGRAMACION FINANCIERA'),
(30,24,'SUPERVISORES IMPULSACION'),
(31,25,'IMPULSADORES PERMANENTES'),
(32,25,'IMPULSDORES EVENTUALES'),(33,26,'EXPORTACIONES'),
(34,27,'OFERTAS'),(35,28,'ANALISIS DE RESULTADOS'),
(36,29,'SUPERVISORES TIENDAS ORIENTE'),(37,30,'VENDEDORES ORIENTE'),
(38,31,'SUPERVISORES OCCIDENTE'),(39,32,'VENDEDORES OCCIDENTE'),
(40,33,'SUPERVISORES PARACENTRAL'),(41,34,'VENDEDORES PARACENTRAL'),
(42,35,'SUPERVISORES METROPOLITANA'),(43,36,'VENDEDORES METROPOLITANA'),
(44,37,'VENDEDORES PERAMENTES'),(45,37,'VENDEDORES EVENTUALES'),
(46,38,'MATERIAS PRIMAS'),(47,39,'SEMIELABORADOS'),
(48,40,'TERMINADOS'),(49,41,'LIMPIEZA GENERAL'),
(50,42,'SERVICIOS GENERALES'),(51,43,'BODEGAS Y TIENDAS'),
(52,44,'CALIDAD'),(53,45,'JEFE LOGISTICA'),(54,45,'EMABLAJE');



